length,0dig,10dig,20dig,30dig,40dig,50dig,60dig,70dig,80dig,85dig
348.69,54.2,4.8,24.6,44.2,30.4,-18.2,10,-11.2,37.4,16.6
349.27,33.6,-1.8,67.8,2.8,27,-2,43.6,-21.4,37.4,16
349.84,78.6,25.6,45.6,42.4,40.4,43.4,2.2,-7.8,25.4,26.2
350.42,80.4,57.4,-1.8,26.6,14.6,29,24.8,-25.6,10.6,8.4
351,69,13.2,85.4,40.2,45.2,37.6,17.2,16.4,-3.4,-10.4
351.57,53,22,23.2,46,14.8,41.2,27.6,21.6,38.8,8.4
352.15,82.6,23.2,47.2,-0.8,45,13.6,65.2,9.2,11,-11
352.73,44.4,26.4,56,-1.4,29,43.4,20.2,33,-8,-15.8
353.3,49,7.4,46.6,1.2,51.4,22.6,13.6,26.8,-15.2,-6
353.88,20.2,53.4,18.8,22,53.6,46.8,32,24.8,-13.4,-20.4
354.45,29,21.8,25.6,8.6,30.2,9.6,21,17.2,24,-6.6
355.03,42.4,40.4,46.4,-14.4,30.6,47.8,56.6,5.4,-10.2,21.4
355.6,20.2,38.4,30.8,77.6,46.2,59.6,54.8,53.2,17.2,4
356.18,49.6,34,54.6,54.6,65,14.6,62.6,-7.6,-11.6,1.2
356.75,56.2,30.4,37.2,36.8,46.2,53.2,29.8,-5.2,14.4,13.6
357.33,24,13,7.8,21,44.2,30.2,5.6,46,-1.8,-2.6
357.9,26,15,0.2,39.8,3.2,25.4,66.6,-4,4.2,-13.2
358.47,12.6,71.4,39,70.6,16.8,56.4,1.4,-5.6,12.2,-12.8
359.05,17.4,49.2,60.2,45,32.8,61.2,-18.2,4.2,11.8,1.6
359.62,68.4,44.2,40.6,32.4,-5.6,24.8,3.6,-2,-23.2,2.8
360.19,77.4,48.2,51.4,35,41.6,45.4,2.6,36.2,11.6,0.6
360.77,16,69.8,34.4,35.8,6.8,31.8,19.2,7.8,23.8,17.8
361.34,33.2,23,31.2,13.2,29,15.4,35,8.8,10.6,-17
361.91,49.4,69.8,7.6,79.6,26.4,61.6,25.8,21.8,17.4,12
362.49,23.4,0.2,3.4,53.4,40.8,30.6,23.8,49.8,39.8,35.4
363.06,71.2,25.4,36.6,45,15.2,12.4,24.2,25.6,9.2,21.6
363.63,44.4,32,37.2,-4.8,35,26.8,12.2,18.2,-17,-9.6
364.2,41.4,32.4,62.6,43.6,6.2,44.4,17.6,14.8,-16.4,0
364.77,16,47.4,25,39.4,50,19,-4.8,3.4,-32.6,-32.2
365.34,33.2,48.2,17.8,48,2.8,13.4,-0.6,-11.8,-15.2,6.4
365.92,65.2,18.2,22.6,24.8,3.8,68.2,19.8,9,-7.6,11.4
366.49,27.8,13.2,33.8,66.6,28.8,23.8,35.4,25.4,1.4,6
367.06,61,-9.2,47.6,24.6,12.6,28,33.4,25.4,27.8,2
367.63,15,0.6,24.6,48.4,-18.4,34.2,23.2,38.4,18.8,10
368.2,37.8,16.8,30.6,23.6,9.6,24.4,8.8,45,10.8,18
368.77,57.4,-6.4,51.4,47,16,-10,31,21.6,-4.4,-21.4
369.34,62.8,14.2,20.2,31,30.8,50.8,13.2,5.4,0.8,-8
369.91,33,25.2,13.4,15.6,12.4,17.8,56.4,22.6,15.8,-5.2
370.48,47,40.8,36.6,27.8,52,-1.4,33.4,34.2,14.6,20.4
371.05,16.4,38.2,41,12.2,39,-13.2,42.4,28.4,31,-11
371.62,58.8,56,-6,48.4,33.2,12.6,-0.8,40.6,-0.6,37
372.19,91.6,80.8,28,20,4.6,22.4,17.8,-8.4,-17,24.6
372.75,21.2,1.4,-7.8,13.2,23.6,-12.2,-0.2,19.6,-7.2,-11
373.32,61.4,12.6,64.6,55.6,-13.2,21.6,16.6,1.4,31.4,28.6
373.89,15.4,26.4,38.6,-7.2,26,23.4,8.2,38,-4.8,-1.6
374.46,79.4,60,33.4,8.2,-0.8,37.2,-20.8,50,14.8,16.4
375.03,36,32.2,26,49,29.6,15.4,20.6,35.8,7.6,17.6
375.59,20.8,30.8,12.8,25,13.4,-1.2,61.6,52.8,-1,24.4
376.16,20.8,48.8,46,25.6,65.6,-2.6,51,14.6,33.8,28.4
376.73,12,51.6,34.8,-0.4,6,6.6,27,2.2,-4.8,20.4
377.3,31.8,40.8,0.6,10.8,-9.6,20.2,23.4,13.2,-31,-12.6
377.86,60.8,52.2,-1.8,5,31.8,64,21.4,25,3.6,-22.6
378.43,60,21.4,-13.6,54,14,29.2,10.4,20.8,-1.2,-8.2
379,51,49.4,38.6,55.6,-6.2,40.2,35.6,-18.8,-20.6,-4.8
379.56,46.2,24.4,70,31.8,24.4,22,35,18.2,5.4,16.4
380.13,60.8,23.6,44.8,39,52,21.6,-6.4,-0.2,-12.6,16.6
380.69,47.2,23.8,22.2,-7.6,10.2,18.4,19.8,43.6,-17.2,10.8
381.26,21.2,46.2,23.6,63,12.2,19,25.2,40.8,-39.4,9
381.83,3.8,44.2,59.2,32.2,38.6,17.2,37.4,27,37.4,-24.2
382.39,29.6,26.6,43,31.2,62.2,19.4,31.8,0.2,-17.4,24.6
382.96,-3.6,20.8,34.2,42,22.4,48.8,18.4,38.8,-19.2,12.4
383.52,62.8,11.2,29.2,45,34.2,11.8,64.6,25.6,18.6,-15.4
384.09,64.4,-12.4,18.8,73.4,45.4,35.6,24.8,8.2,21.4,28
384.65,17.6,18.6,21,49.8,60.2,18.6,53,17.4,11.2,6.4
385.21,23.8,10.6,43.6,73.8,18.2,14.6,32.6,42.8,36.6,-19.4
385.78,18.8,23.2,54.2,53.8,0.6,9,9.6,33.2,-31.2,-2
386.34,65.6,25.4,21,49,39.8,50.2,19.2,14.2,-5.2,-22.8
386.91,32,34.6,-3.2,5.8,40.4,21.2,46.6,41.8,38.2,-14.6
387.47,44,22.2,63.4,34.2,35.6,4.8,26.8,48.6,-18.4,-13.2
388.03,27.2,12.6,72,22,38.8,27.2,14.4,19.8,7,33.2
388.6,16.4,36.2,66.2,25.6,60.2,6.2,-4.2,22.2,32.4,23.4
389.16,19,15,70.6,37,69.2,22,34.4,59.2,0.4,4.6
389.72,34,64.8,23.2,17.2,69.8,15,40.4,3.2,32.2,18.4
390.28,63,57.8,71.2,66.6,41.4,58,15.2,40,-0.6,-3.6
390.85,32.4,73.4,31.2,86.2,43.4,25.6,11.2,28.2,20.4,24.2
391.41,35.2,56.2,30.8,3.2,25.6,33.4,-7.8,55.2,-6.8,-1.8
391.97,48.4,69.4,40.2,63.8,18.8,37.2,-10,11.8,-25,22.4
392.53,47,66,32.4,-16,54.2,57.4,24,49.8,33.8,-39.8
393.09,20.4,24.4,55,37.4,26.6,6.4,21.8,41.6,1,0.2
393.65,69.8,56.2,31.8,58,62.6,46.4,29.8,45.6,-1.4,-25.2
394.21,59.8,58.4,63.2,43.8,44.8,55,32.2,43.2,-18.2,-9.4
394.77,47,53.2,56.4,44.8,68,35,29,28,13.4,-10
395.34,55.2,62.8,68,56.2,53,10.6,43.2,25.8,11.6,-12.6
395.9,62.2,78.8,54,48.6,46,30.6,56,55.6,10.8,16.8
396.46,57.4,91.6,40.6,59.8,56.4,54.6,37.4,47.8,26.4,0.2
397.02,30.6,52,30.4,65,55.4,63.8,23.2,11.2,38,-4.4
397.58,61.2,52,75.4,45.2,73.6,38,31.2,4.8,2.8,20
398.13,84,22.2,62.6,37.6,66,46.4,14.2,23.2,51.8,-15.8
398.69,56.8,51.6,56.8,69,61.6,26.6,44.6,20.2,33.6,33.4
399.25,33.4,57.2,101,72,81.8,43.2,53.2,49.4,19.2,-8.2
399.81,41.6,87.8,65.2,93,79.2,67.8,17,30.2,32.8,15.6
400.37,76,59.2,39.2,66,117.8,22.8,45.8,-15.8,26.8,25.8
400.93,69.8,37.6,89.8,51.6,81,51.4,26.6,32.6,31.4,-6.6
401.49,102,77.6,76.2,100,34.2,16,20.6,41,51.8,-0.6
402.05,56.6,84,47.4,77.6,18.6,42.6,36,12,-21,-15.4
402.6,87,103.8,52,61.4,80.2,76.2,67,45.6,-36.2,-29.4
403.16,73.4,80.4,70.4,95.4,75.4,87.8,47.6,64.4,6.6,-21.2
403.72,87.2,114,65.8,73.8,75.4,89.2,41.4,42.4,40.2,7.4
404.28,62.2,83.4,87.8,82,91.6,85.6,54.4,39.6,34.6,3.4
404.83,78.6,96.2,121.8,82,83.8,70.8,66.2,56,58.8,-17.8
405.39,99.6,88,96.2,92.4,74.2,57.4,74.2,51.2,35.4,-50
405.95,106.2,130.8,74,102.2,105.8,117,55,43.4,18,0.6
406.5,149.8,130,131.6,102.4,94.6,56.2,60,34.2,19.6,7.8
407.06,132.2,112.8,104.8,104,110.6,54,58,52,22.8,-8.2
407.61,105.8,121.8,95.6,95.6,106,93.2,54.8,68.6,8.4,17.2
408.17,157,106.8,122,114.2,92.6,114.6,61.8,52.8,21.8,14
408.73,147.4,151.6,136.4,64.4,55.6,99.6,35,86.2,80,16.8
409.28,100,127.2,118.4,89.8,88,76.4,86.6,57.2,28.6,9.2
409.84,107.8,144.2,97.6,128.8,90.6,93,115.2,36.8,50,-7.8
410.39,102,102.2,137.2,111,102.2,82.2,125,31.2,29.8,2.2
410.95,129.6,150.6,113.2,143,121.8,115,60.2,67.2,-14.6,-6
411.5,157.6,103.8,125.6,154.2,103,109.8,94.6,75,44.4,3.6
412.06,136.2,119.8,114,139.2,124.4,50,101,63.4,5,14.8
412.61,132.4,76.2,135,104,142,98.4,60.8,54.4,18.2,-6.2
413.16,143.2,154.8,133.8,158.4,114,105.2,105.4,76.8,52,-7
413.72,136.6,131.6,95.4,123.4,123.6,137.4,64,38.2,43,-26.8
414.27,140.4,138,130.8,111.2,120.8,89.2,84,81.8,1.6,10
414.82,162.8,135,123.6,109.8,107.6,84.2,51,74.6,42.6,-31.8
415.38,162,160.4,132.4,122.8,107.2,76.4,79.2,64.4,34.4,3.8
415.93,115.4,160.6,135,97,94.6,78.8,85,93.6,17.4,-17.4
416.48,137.6,134.2,141.4,161.4,125,76.2,84.8,58.2,23.8,7
417.04,136.2,114.2,148.2,128.8,87.6,125.6,105.8,24.6,49.4,-9.2
417.59,166,100.6,169,129.4,110.6,114,83.2,95.4,23.4,10
418.14,140.4,137.6,150.4,119,84,109.4,97.4,76.8,51,29.6
418.69,118.4,120.2,168.4,139.8,111.8,89.4,90.4,48.8,29.8,12.8
419.24,168.6,149,159.6,105.2,118.2,89.2,120.8,73.8,37,28
419.79,121.8,119.2,150.8,106,119.2,87.2,85.4,101,13.8,-15.8
420.35,151.4,162.6,123.4,94.4,99,75.4,73.2,75.2,17.4,-22.2
420.9,130.2,162.2,171.2,137.2,91.8,77.2,58.2,83,52.6,-8.8
421.45,126.6,135.4,134.8,124.2,106.2,92.4,87.6,73.2,20.8,-8.2
422,144.2,148.4,151.2,139.4,118,107,104.4,69.6,15.8,-5.2
422.55,190,167.8,145.8,151.6,109.4,114.8,84,76.6,0.6,-14.8
423.1,186.4,151,146.4,126.8,135.4,91.6,77.2,54.2,20.8,-33.4
423.65,150.8,178,137.4,141.4,150,127.6,110.4,91.6,8.6,-13.8
424.2,135.4,182.6,129.8,126.6,117.8,107.6,84.4,56.2,23,-16.2
424.75,175.4,169,132.4,147.4,117.6,119,90.8,50.6,11.6,-21.8
425.3,155.8,166.4,130.4,121.2,97.2,99.2,81,70.8,24,22.8
425.85,153.4,156.4,151.2,145.4,123.8,77.8,113,59.8,35.2,-13.6
426.4,205,144.6,137,135,129.2,113.2,115.2,42.8,7.4,-10
426.95,168.8,181.6,178.2,161.6,113.2,127,76.4,73.8,36.8,16
427.49,186.8,161,148.4,161.6,154.4,100,93.6,73.4,58.6,-4.2
428.04,206,184,190,153.4,120.2,139.6,102.4,59.6,42.6,3.4
428.59,225.6,149.4,177.6,164.4,163.2,122.8,83.4,81.2,30.6,24.2
429.14,197,170.4,149.4,167.6,169.4,133.2,103.8,76,6.8,51.6
429.69,224.4,203.8,201.4,135.2,134.8,122.8,144.4,96.8,36.6,-18.2
430.23,190.4,184.6,138,154,165.6,123,132.2,96.8,42.4,-12
430.78,208.2,235.6,197,168,163.4,127.6,125.2,65.2,30.2,8
431.33,179.4,153.2,169.4,179.4,149.4,118.8,115.2,77.6,-6.2,0.8
431.87,207.6,173.8,169.4,150,122.4,132,91.8,95.4,28.6,12.6
432.42,168.8,172.2,201.6,174.6,188.4,142.8,100.4,60.4,53.2,4.4
432.97,201,193.4,184.8,157.8,139.4,142.6,118.6,116.4,37.2,-20.6
433.51,183,199.8,153.8,164.8,162,153.4,133,125,23.6,-11.4
434.06,192.8,191.2,169.6,149.4,141.8,126.8,131.4,88.6,14.4,7.4
434.61,191.6,198.6,176,177.8,162.8,134,112.4,97.6,18.2,-3.6
435.15,185,193.4,243,189.6,191.2,151,129.8,106.2,25.6,14.6
435.7,223.4,204.8,161.6,183.4,175.6,151.2,140.4,92.8,18,12.4
436.24,168,182.2,186,196,165,143.8,126,107.4,62.4,-14.4
436.79,229.4,200.8,193.4,173.4,165.6,116,138.4,105,78.2,23.8
437.33,214.6,190.6,184.4,204.6,164,179.2,116.6,104.6,28.8,11.2
437.88,229.6,226,197.6,186,172,170.2,143.4,116.2,25.6,6.2
438.42,192,193.4,205.4,208.8,166.2,168.6,100.4,105.4,28.6,10.8
438.97,242.2,186.2,190.8,202,130.2,169,137.8,94,50.8,-13.2
439.51,246.4,191.8,194,184,175,102.2,141,109.2,67.6,1.8
440.05,246.8,175.6,178.6,173.8,164.6,116,75,103.4,12,19.8
440.6,234.8,204.2,167,225.2,177.4,185.8,114.6,89.8,43.8,20
441.14,239.2,223,248.2,250.8,209,140,137.8,78.8,39,-6.2
441.68,255.6,263.8,210.6,233.6,192.2,166.2,100.4,115,79,31.2
442.23,250.4,252,254.2,228.2,185.2,140.8,123,104.8,52.6,28.4
442.77,240.6,230.8,201.4,188.6,243.4,175.8,148.4,69.4,66.4,16
443.31,255.6,226,229.6,190.4,206.4,175.6,122.2,89,62,-13.8
443.86,253.8,255.4,273.8,188.6,195.6,152.2,184.4,111.2,36,-10.4
444.4,255.8,258,262.4,220.6,227.8,167,139.4,85.6,41,-6.6
444.94,249.4,272.8,232,251.6,206.4,161.4,137.6,102.8,94.8,33.6
445.48,246.6,212.6,248.2,241,214.8,188.6,110.4,96.6,52.6,4.8
446.02,226.8,268,235.4,238.8,229.2,188.6,124,96.8,31.2,3.6
446.56,241.6,278.8,248,229.8,206.2,158.2,200.4,133.6,16.8,-12.8
447.11,223.6,295.6,266.4,259.8,211,166.6,175.4,88.8,31.4,3.8
447.65,300.2,247.8,243.2,207.4,255.6,173.2,185.4,146,70.2,38.6
448.19,268.8,285.2,203.4,235.6,215.8,170.6,172.2,120,54.8,10.8
448.73,258.6,275.2,253,227.6,242.4,181.8,158.8,144.2,62.2,26.2
449.27,257.8,274,291.2,251.8,222.6,166.6,167,135,42.6,31.8
449.81,278,282.8,273.6,224.8,189,250.4,153,96,62.4,-7
450.35,263.8,277.4,249.4,246.8,209.2,234.2,161.6,100.2,46.6,-26.2
450.89,293.4,280.4,253.4,248,241.2,204.6,166.4,131.4,82.2,6
451.43,317,286.8,313.4,279.6,269.6,199,157.4,114.8,17.4,-7.4
451.97,312.8,301.2,349.8,250.8,245.2,230.8,166.8,127.6,35.2,4.4
452.51,354.8,341.6,289,260.8,288.6,214.6,170.2,105.6,68.2,-17.2
453.04,306.2,312,296.2,252,244.2,192.6,151,135.4,70.6,36
453.58,314.2,316.4,277.4,230.4,225.6,234.8,198,160.8,50.8,15
454.12,307.2,330.8,297.6,258.8,243.2,216.8,202.6,142.2,45.2,23.4
454.66,352.6,321.2,315,302.6,226,221,234.8,147.6,74.2,-0.6
455.2,327.8,357.2,335.4,319.6,245.6,233.2,222.4,169.4,69.2,21.2
455.74,331.8,302,346.2,310.4,254,209.2,189.2,161,58.2,25
456.27,345.4,358.2,326.8,305.6,268.2,264.8,195.4,148.8,67.8,-6
456.81,356,359.4,321.6,313.8,264.4,240.2,201.4,153.8,53.8,10.2
457.35,350.6,347.8,318.6,302.8,273.8,263.6,182,193,53.4,15.6
457.89,330,369.4,331.8,346,310,241.2,221.4,184.2,86,-16.6
458.42,365.2,375.4,330.2,339.6,352.6,259.6,201.4,164.4,51,-2.8
458.96,392.4,402.2,347,310.8,304.2,254.6,194.8,149.6,50.4,37
459.5,396.6,352.6,350.4,331,294.4,290.2,233.8,154.8,61,-31.4
460.03,400.8,403.6,356.2,348.4,330.6,259,263.4,183.8,89.8,-38
460.57,376,396.2,375.2,321.8,343.6,281.4,241.6,134.2,70,-9.4
461.1,394.4,382,405.8,344.6,337.4,287,224.6,177.4,93.2,-23.2
461.64,389.2,351.2,396.4,332.8,349.6,292.8,211.4,181,53.2,24
462.17,395,410,348.4,342.4,327.8,277.4,218.4,186.2,87,-11.2
462.71,434.4,406.2,328.2,331,325.6,265.4,231.6,195.6,96,-25.6
463.24,408.4,430.4,402.6,358,349.8,303.4,258.6,169,80.2,-33.4
463.78,424.4,418.6,362.2,333,361.6,348.6,257.4,155.6,105,-26.2
464.31,394,404.6,433.4,367.6,346.2,299.2,255.2,190.6,54.2,-1
464.85,469.2,428,458.6,361.8,378.2,289.8,245.8,188.8,72,-10.8
465.38,484,491.8,396.6,400.6,385,308.4,245,202.6,78,37.2
465.92,494.6,470.6,427.8,417,361.4,303,247.6,183.2,92.8,-10.8
466.45,477.4,443.2,434.2,408.4,359.2,313.2,259.4,186.8,86.8,-14.6
466.98,457.2,449.8,431.6,400.6,380.6,335.6,248.8,177.6,55,0
467.52,475.6,483.6,453,391.4,378,343.4,243.8,192.2,82,-7.8
468.05,517.8,464,449.4,439,412.4,344.6,303.8,218.8,37.4,8
468.58,491.4,490.2,454,407.6,377.4,358.4,261.6,209,94.8,-21.6
469.12,510.8,475.4,479.6,418.4,429.6,396.4,269.8,228.6,88,2.4
469.65,522,487.6,504.2,444.8,435.6,381.6,286.2,226.4,96.6,2.8
470.18,534.6,536.2,515,486.4,414,368.8,263.6,260.8,59.6,-15
470.71,547.2,532.8,505.2,496.8,440.8,334.6,269.2,170.8,88.6,-13.6
471.24,570.8,577.2,526,503.4,401.8,389.4,371,220.2,87.4,-10.4
471.78,555.2,571,561.6,479,463.2,393,328.2,243.4,109.4,24.6
472.31,598,576.8,549.6,468.2,430.4,405.4,338.2,234.2,115,-14.4
472.84,585.8,591.8,554,514.4,451.2,429,371.2,257.6,81.6,-10.4
473.37,607,595,563.6,564.8,463.4,401.2,366.4,272.8,77.8,-3.6
473.9,610.6,610,596.2,560.8,490.4,416.4,331,244.2,128.6,-10.8
474.43,685.6,596.8,626.2,549.2,498.6,440.2,366.8,266.2,148.8,0.8
474.96,613,622.8,583.6,556.8,524.2,441.2,352.4,271.4,75.6,-29.4
475.49,654,660,621.8,598.6,520.2,444.6,378.2,275.2,87.2,7.4
476.02,674.8,666,654,592.2,551.8,488.2,377.8,290,104,9.4
476.55,709.6,687.4,635,590.8,525.4,482.8,375.2,296.6,71.6,-12.2
477.08,696.6,716.2,641.4,623.2,562.4,519.6,422.8,256,135.2,0.6
477.61,714,685.6,698.2,653.8,548.4,496.4,466.8,312.8,138.2,11.8
478.14,760,765.2,704.4,622.6,602.4,496.4,439.4,329.6,109,20.6
478.67,817.2,768.4,737.2,649.2,603,522.4,411.6,355,147.2,16.8
479.2,788.4,729.4,743.8,706.6,667.6,555.6,457,325.8,134.2,26.6
479.73,817.4,813.8,789.6,692.6,660,579.6,465.8,342.6,167.6,-12.2
480.25,866.2,819.2,790,740.2,678.6,592,481.8,346.6,135.6,-40.4
480.78,881.8,836.4,826.6,769.4,710,592.4,472.4,359.4,151.6,12.8
481.31,903.4,835,848.4,768,707.2,594.6,512.8,370,179,28.2
481.84,904.6,920.2,879,823.2,682.4,629.8,501.6,371.2,168.4,11
482.37,918.2,907.8,872,811.6,733.4,627.6,484.6,394.8,164.2,38
482.89,932.2,931.2,860,817.4,713,659.8,554,397,186.8,-5.2
483.42,994.8,937.6,941.4,885.6,737.8,660.4,507,387.2,176.2,-4.6
483.95,979.6,949.4,925.8,880,814.8,688.8,571,421.2,173.2,-37.2
484.47,994.2,1037.4,940,894,847.4,689.4,580,429.2,180.2,-18.6
485,1070.8,1027.4,1006.8,940.4,797.4,743.6,594.6,393,182,-18.6
485.53,1056.2,1005,1001.4,973.6,866.8,718,632.4,448.2,174.8,2
486.05,1081.4,1079.2,1040.2,1001.8,882.4,759,636.8,464.4,175.4,-7.8
486.58,1144.6,1103.4,1088,1006,878.2,803.6,665.4,479.4,183,29.6
487.1,1155.4,1129,1082.4,993.6,889.2,798.2,661.4,454,213.8,10.6
487.63,1228.2,1121,1090,1046.8,905.2,813.2,681.4,492,166,-8.4
488.16,1217.4,1170.2,1087.4,1063.8,921.6,811,650,517.8,185.6,25.2
488.68,1234.2,1217.2,1163.2,1069.8,910.6,862.2,661.6,497.6,194.2,9.6
489.21,1216.6,1227.8,1180.4,1039.8,969.8,838.2,680.6,508.6,196.2,2.8
489.73,1212,1238,1194.4,1083,973.8,882,697.6,494,226.2,-0.2
490.25,1287,1258.4,1224.4,1128.8,1021,868.8,720,524,256.6,2.8
490.78,1302,1293,1242.2,1126.8,1073.2,880.6,769.4,544.6,234.6,-26.4
491.3,1319.8,1290,1255.4,1157,1051.2,868.8,764.4,571.4,219.2,24.8
491.83,1326.6,1341.6,1252.8,1165.8,1053,914.6,762.2,559.2,264.6,-2.4
492.35,1376.6,1356.8,1255.4,1191.4,1047.8,973.4,758,560.8,251.4,1.4
492.87,1360.6,1359,1238.6,1212.8,1052.6,963.6,758.4,566.2,248,-2.2
493.4,1348.4,1398.2,1277.6,1181.8,1103,979.6,814.2,574,250.4,-15.2
493.92,1404.4,1378.2,1306,1187.4,1103.6,944,791.6,612.6,268.6,35.4
494.44,1419.2,1426,1365.8,1277.6,1128.6,957.2,818,582.2,248,9.4
494.96,1416.8,1420.6,1337.4,1317,1138.8,967,810,592.2,272.4,10.4
495.49,1458.2,1424.4,1359.8,1269,1174.4,1011.4,874.4,617.4,267.4,21
496.01,1477.4,1450.2,1386.6,1303.2,1141.8,1024.2,841.2,620,265.6,2
496.53,1478.6,1468,1402.2,1282.6,1171.8,1013,845.8,612.2,268,11.4
497.05,1521.4,1473.4,1394.6,1293.8,1158.2,1084.6,826.8,573.6,249.4,5
497.57,1512.6,1510.2,1414.2,1301.8,1168.2,1120.8,872,631.4,286.8,49.6
498.1,1504.2,1540,1429.4,1327.4,1214,1063.8,921,632.8,276.6,14.8
498.62,1528.4,1449,1465.2,1363.8,1199.2,1053.4,899.4,616.2,270,-4
499.14,1536.2,1540.2,1522.6,1352.2,1235,1050,887,647.6,220.4,-8.2
499.66,1538.8,1534.6,1474.8,1342.2,1269.4,1070.6,902.2,634.6,293.8,23.2
500.18,1593.2,1512.4,1495.2,1387.2,1252,1116.4,905.6,665.6,264.2,-33.8
500.7,1620,1539,1508.4,1387.2,1280.6,1118.4,911.2,665.6,259.2,1
501.22,1636.6,1606.6,1562,1391.6,1315.2,1097.2,922.2,670.2,288.4,11
501.74,1656,1592.6,1550,1426.6,1326.4,1193,945,657,300.2,-7.4
502.26,1637.8,1643.6,1570.4,1449,1334.2,1141.2,948.4,704.2,296,24.4
502.78,1692.4,1681.4,1621.6,1470.2,1342.2,1160.8,944.2,719.2,270.8,7
503.3,1673,1667,1582.4,1522.2,1349.8,1181,989.8,709,322,16
503.82,1729.8,1649.8,1599.6,1491.4,1377.4,1175,979,726.4,336.4,1.4
504.34,1743.2,1683.6,1674.8,1535.2,1431.2,1230.4,962.4,722.4,267.6,15.8
504.85,1758.4,1714.4,1670,1501.4,1374.4,1178.4,1018,721.4,285.8,-0.8
505.37,1760,1714,1682,1552.4,1428.6,1255.6,991.8,737.6,317,11.2
505.89,1776.4,1777.8,1693.8,1576,1428.2,1237,1013.6,745,311.8,9
506.41,1768.8,1760.4,1718.4,1555.6,1427.4,1284.2,1002,735.4,301,4
506.93,1798.8,1828,1736.6,1583.6,1470.6,1248.2,1017.4,758.8,280.8,5.2
507.44,1902.6,1840.8,1761.8,1634,1473,1286.8,1069.2,799,333,-40.6
507.96,1913.6,1856.4,1765.4,1653.6,1488,1340.8,1107.4,788.4,354.8,32
508.48,1903.4,1865,1745.6,1669.8,1488.4,1303,1105.8,810.4,336.4,2.2
509,1899.2,1917.4,1816.6,1650.2,1536.6,1334.6,1108,796.2,341.6,-19.6
509.51,1971.6,1938.6,1849.4,1726,1557.4,1366.8,1053,785.6,333.2,14.8
510.03,1940.4,1983.2,1831.4,1681,1575.4,1374.8,1138.4,797,358.4,1
510.55,1976.4,2012.4,1940.8,1755,1603.8,1396.8,1162.6,831.2,358.6,-7.8
511.06,2028.2,1980.2,1885.8,1793,1566.4,1402.4,1157.8,847.2,375.8,12.8
511.58,2036.4,2041.8,1919.2,1784.2,1613.4,1445.4,1152,816.6,408.6,27.4
512.09,2078.8,2039,2007.6,1860.2,1638,1433.6,1184.2,871.8,360.4,23.2
512.61,2097.8,2056,1969.6,1831.4,1636.8,1483.4,1220.4,843.8,383.8,22.2
513.12,2138.8,2168.8,2038.6,1904.6,1654.2,1497.6,1265,921.4,366.6,28.2
513.64,2152,2170.8,2048.8,1881,1698.6,1515.8,1221.6,867.4,408.4,2.2
514.15,2152.2,2146.6,2020.4,1886.2,1748.6,1514.6,1297,854.4,421.2,-0.6
514.67,2170.8,2159.6,2045,1926,1709.8,1546.2,1273,933.8,358.8,16.8
515.18,2216.4,2162.6,2089.4,1986.2,1790.6,1576,1285.8,934.8,392.2,37.6
515.7,2231.4,2214.6,2120.8,2006.6,1767.4,1573.8,1268.2,917.6,426.4,7
516.21,2263.6,2233.8,2134.2,2037.4,1837,1597.8,1304.6,953,396.6,36
516.73,2338.2,2294.2,2135.6,2032.2,1830.8,1675,1315.8,1002.4,430.8,12.2
517.24,2333.6,2353.4,2210.6,2014,1880.6,1634.2,1359,1011.8,394.6,43
517.75,2382.8,2389.6,2219.4,2082,1844.2,1624.4,1384.8,1017.2,394.6,14.6
518.27,2404.2,2353.6,2230.4,2153.6,1892,1677.6,1364.2,1013.8,423.4,-0.4
518.78,2439.8,2430.6,2298.8,2150,1952.6,1689.2,1410.2,999,440.6,19
519.29,2425.4,2404.4,2345.6,2142,1917.2,1718.4,1425.2,1043.6,435.2,-5.6
519.8,2477.2,2425.2,2299.2,2137,1951,1733.8,1430.6,1071.2,433.8,-4.8
520.32,2488.8,2409.8,2343.2,2230.4,2003,1725.8,1493,1038.6,436.6,-6.2
520.83,2543.6,2449.8,2363.8,2225,2047.4,1802.6,1492.4,1061.4,414.4,34
521.34,2605,2551.6,2424.2,2247.8,2011.8,1797.4,1490.8,1055,429.4,10.8
521.85,2607.4,2609.2,2406.6,2209.6,2077,1777.4,1479.8,1077,479.2,-6
522.36,2651,2613.4,2483,2268.6,2122,1837.2,1505.6,1110.4,512,11.2
522.88,2665.2,2608.2,2532.4,2325.8,2140.2,1835,1503.4,1090.4,487.4,18.6
523.39,2674.8,2642.8,2566.2,2383.8,2096.2,1886.8,1545,1099.8,475.8,-10.6
523.9,2751.6,2648.6,2535.2,2329.8,2168.6,1852.2,1541.2,1162.8,452.2,-16
524.41,2720,2690,2615.6,2375.4,2198.6,1918,1570.4,1145.4,485.2,-31
524.92,2725.4,2703.6,2650.4,2345.4,2199.4,1955.6,1578.8,1138.4,475,-22.2
525.43,2758.2,2756.4,2650.8,2426.8,2235.4,1948.2,1615.8,1167.8,505.6,-7.2
525.94,2817.6,2755.2,2636.4,2473.8,2263.8,1930.4,1569.8,1166.4,522.2,33.8
526.45,2901.4,2814.4,2672.6,2511.8,2239.6,1992,1606.4,1184.2,471.8,-1.8
526.96,2861,2832.8,2710.4,2518.6,2249,2054,1612.6,1181,528,-28.8
527.47,2862.8,2877.8,2741,2528.2,2302,2032.6,1718.4,1224.2,543.8,5
527.98,2969.8,2921,2795.4,2627.2,2280,2069.2,1733.8,1244.6,519.2,-2
528.49,2998.6,2940,2785.2,2585,2309,2097.4,1710.4,1203.2,562.6,13.6
529,3005,2956.4,2797.4,2567.6,2341.8,2070.6,1701.4,1259.6,527.2,5.8
529.5,3025.6,2958.6,2799,2587.6,2363.2,2104.6,1711.2,1228.4,569.8,4.2
530.01,3027.2,2962.6,2860.6,2684.2,2379.4,2085.8,1743.2,1289,542.2,30.4
530.52,3033.4,3005,2841,2656.4,2358.4,2095.2,1772,1306.8,539.8,0.2
531.03,3011.6,3043.8,2856,2602,2371.6,2096,1740,1281.4,551.6,11
531.54,3048.8,3007.4,2859.8,2690.4,2429.2,2136.4,1780.6,1321.6,531.4,20.8
532.04,3072.8,3063.6,2871.2,2686.8,2409.8,2155.4,1724.8,1321.2,511.2,-29.2
532.55,3051.4,3087.2,2922,2733.4,2486.6,2210.6,1730.2,1310.4,558,-26.8
533.06,3132.8,3074.8,2944.2,2766,2506.4,2162,1784.6,1363.6,570.2,-23.4
533.57,3126.2,3057.6,2969.2,2779.4,2496.6,2188.4,1811.8,1392.8,558,27.4
534.07,3185.6,3139.6,3015.2,2778.2,2539.4,2185.8,1843.2,1347,532.4,-3.6
534.58,3199.6,3173.2,2982.6,2781.6,2503.4,2216.2,1831.2,1343,541.8,-37.4
535.09,3228.4,3203,3073.2,2756.6,2508.6,2237.2,1822.4,1330.6,605.8,14
535.59,3273.6,3197.4,3028.2,2823.2,2594.2,2249.2,1865.8,1336.2,619,-8.6
536.1,3239.8,3234.6,3054.8,2883.4,2602.8,2295.8,1908.6,1400.2,588.4,54.8
536.6,3262.4,3268,3065.4,2896,2610,2303.2,1887.8,1383.6,603.6,-3.8
537.11,3217.4,3199,3069.4,2893.8,2627.8,2314.2,1875.6,1367,585.6,-0.8
537.62,3282.2,3254,3109.6,2867.6,2639.8,2354.2,1943.4,1391.6,595.2,22.4
538.12,3316.6,3335.4,3190.6,2906.2,2645.4,2303.8,1932,1447.2,614.2,37
538.63,3338.6,3278.2,3162.4,2895.8,2704.2,2383.8,1966,1413.6,557.2,33.8
539.13,3318.4,3337.6,3168.6,2992,2727.6,2354.2,1988.4,1406,606,-22.6
539.63,3333.2,3391,3194.4,2993.2,2757.8,2411.8,1992.6,1400.8,637.8,2.4
540.14,3387.4,3416.2,3205.6,3009,2792.6,2411.4,1969,1450.6,614.6,23.4
540.64,3472.4,3405.4,3318.8,3027.4,2783.2,2453.4,2011.6,1440.8,606.6,-28.6
541.15,3430.8,3418.2,3315.4,3049.6,2790.6,2485.6,2004,1512.4,653.6,6.8
541.65,3497.2,3524.8,3353.6,3074.6,2815.4,2478.2,2057.8,1496.4,634.8,-36.4
542.15,3574.4,3561,3347,3151.2,2835,2490.6,2043.2,1530.2,650.4,-15.4
542.66,3575.4,3554,3374.6,3125,2910.2,2494,2063.6,1528.2,629.2,33
543.16,3599.4,3599.8,3377.6,3171.6,2952.2,2516.4,2129.6,1517.2,634.6,-11.8
543.66,3592.4,3629,3426,3244.8,2948.4,2602.2,2154,1550,621.4,2.4
544.17,3667.2,3648.6,3506,3259,2956.8,2637,2178.4,1519.6,684,-10.6
544.67,3741.8,3698,3477.6,3290.2,2985.8,2603.8,2172.6,1611.4,690.6,6.2
545.17,3785.6,3714.6,3555.8,3332.2,2981.2,2618.4,2215,1613.8,706.2,27.6
545.67,3769,3782.2,3574.6,3377,2996.6,2642.6,2269.8,1615.4,706.6,17
546.17,3816,3815.2,3607,3393.6,3052.8,2712.4,2285.6,1635,734.6,5.2
546.68,3877.4,3806,3726.6,3476.6,3123.4,2720.8,2241,1651.2,727,11.4
547.18,3874.4,3858.8,3741.2,3445,3098.8,2749.4,2291.2,1682.6,726.4,9.6
547.68,3894.2,3924,3755,3418.6,3161.8,2788.8,2357.2,1682.8,723.4,61.2
548.18,3987.6,3925.6,3762.2,3483.6,3205,2798.6,2388.4,1734,733.4,6.2
548.68,4041.4,3972.4,3843.8,3555,3243.6,2830.2,2368.8,1703.8,764.6,-21.4
549.18,4037,3942.2,3837.4,3616.8,3339,2886.6,2401,1774.2,749.4,9.8
549.68,4005.2,3977.4,3834.6,3598.6,3318.4,2896.6,2393.2,1809.4,750.2,16.8
550.18,4148.8,4084.2,3923.6,3600.8,3307,2920.2,2431.4,1858,793,16.8
550.68,4195.4,4178.2,3932.4,3695.8,3446.4,2992.4,2459.4,1851.8,785.8,-9.6
551.18,4210,4187,3947.2,3722,3372.2,3030.4,2484.8,1843.6,795,31
551.68,4238.2,4240.4,4020.4,3748.4,3465,3033.8,2557.6,1889.6,794.2,23
552.18,4349.2,4235.8,4104.6,3754.8,3474.8,3075.4,2570.4,1868.8,773.2,-10.4
552.68,4378.2,4262.4,4136.4,3818.2,3521.4,3079,2569.2,1878.6,835,32.6
553.18,4443.8,4342.2,4187.6,3873,3523.4,3109.8,2593.2,1936,830.6,32.4
553.68,4427,4443.8,4237,3942,3583.2,3182,2652,1882,841.6,12.8
554.18,4416.4,4389,4240.6,4006.6,3634,3160.4,2669.6,1910.6,822,13.2
554.67,4531.2,4507.4,4296.6,4006.4,3673,3231.2,2703,2015.4,867.4,14.8
555.17,4540.4,4537.8,4376.8,4062.6,3725.2,3279.2,2731.2,2083,872.6,-41.8
555.67,4633.8,4613.6,4402.2,4135.6,3760.6,3375,2788,2047.2,872.4,13.6
556.17,4684.8,4632.2,4394,4115.2,3798.4,3339,2792.6,2040.6,905.4,45.2
556.66,4752.8,4683.4,4486.8,4212.2,3836.4,3386.2,2833.2,2019,922.2,9.6
557.16,4812.6,4747.8,4469,4237,3835.6,3455.4,2857.2,2112.8,945.4,17.4
557.66,4832,4863,4567,4302.4,3935.4,3470.6,2914.2,2197.4,937.4,26
558.16,4855.6,4869.2,4615.6,4318.4,3940.4,3500,2958.2,2198.4,956,5.2
558.65,4908.4,4887.4,4692.2,4307.2,3942.6,3582.4,2899.6,2199.8,962,9
559.15,4949.4,4901,4735.2,4407.6,4042.2,3612.8,2981.2,2209,925.2,7.8
559.64,4983.4,4946,4815.8,4440,4036.2,3631.8,3004,2231.6,977.4,15.6
560.14,5104.4,5048,4831.6,4525.6,4163.2,3659.2,3098.2,2234,937,17
560.64,5126.4,5048.6,4882.8,4579,4152.6,3702.4,3085,2281.2,982.6,12.2
561.13,5159.8,5148.6,4893.2,4608,4186.2,3747.4,3118,2290.2,961.8,20.4
561.63,5226.8,5215.6,4950.8,4623.6,4309.2,3782.8,3157.2,2313.2,971.8,27
562.12,5282.6,5218,5026.8,4694.6,4380,3782.6,3193.2,2330.8,1009,2.4
562.62,5321,5213.8,5021.4,4738.2,4373.8,3864.4,3225.4,2325.2,1026.2,23
563.11,5497.4,5349.4,5144.4,4796.8,4360.2,3880,3267.4,2369.4,1040.8,24.6
563.61,5463,5373.8,5117,4817,4472.6,4012.6,3303.4,2415.6,1064.6,11.8
564.1,5480.6,5435,5192.2,4851.6,4502.8,3956.8,3321,2428,1080.4,25.2
564.6,5523,5431.2,5217.6,4898,4503.4,4015,3297,2465.4,1068.4,48
565.09,5573.8,5479.4,5280,4970.4,4576.4,4056.6,3323.2,2496,1054,-8.8
565.58,5527,5540,5323.6,4989.6,4657,4132.2,3365,2496.6,1069.6,22.8
566.08,5611,5506.4,5305.2,4972.8,4597.6,4094,3331.2,2502.2,1064.2,16.4
566.57,5679.6,5546.4,5391.2,5061,4710.2,4163.4,3397.2,2522.4,1121.6,-11.8
567.06,5710.2,5597.8,5400.4,5036.8,4632.6,4110.6,3436,2536,1093.4,18.6
567.56,5652.2,5619,5421.2,5086.2,4666.6,4125.2,3439.8,2535.4,1066.2,27.8
568.05,5729.6,5678.4,5478.4,5106.2,4676.2,4215.6,3511.6,2521.4,1099.6,-13.4
568.54,5800.2,5711.6,5511.4,5131.4,4719.4,4170.4,3453.6,2562.4,1140,28.6
569.03,5833.8,5690.2,5567,5121.2,4752.8,4219,3510.4,2618.6,1142.8,-24
569.52,5784.6,5754.2,5584.8,5153.2,4711,4184.8,3469.2,2587.6,1175.2,11.2
570.02,5867.4,5731.4,5564.8,5167.6,4829.2,4253.2,3567.4,2640.4,1135.4,20
570.51,5847,5742.8,5616,5185.8,4809,4262.2,3558.4,2620,1108.8,17.2
571,5868,5769.6,5634.8,5219.2,4847,4269.8,3569.2,2697.4,1114,19.4
571.49,5907,5832.6,5618.2,5174.2,4821,4260.4,3606.4,2698.6,1087.2,48.6
571.98,5851.6,5809.8,5576.6,5242,4818.2,4284.6,3577.2,2627.8,1153.6,17.2
572.47,5924.6,5845.8,5645.4,5333.8,4858.4,4347,3598,2604.8,1132.6,41
572.96,5976.6,5853.4,5726.4,5310.2,4798.4,4343,3545.4,2668,1150,-19.6
573.45,5907.4,5842.6,5652.2,5296.2,4820.6,4305.4,3566.4,2688.4,1129.6,-8.6
573.94,5923,5853.2,5734,5259.6,4865,4292,3556.8,2669.4,1128,-11.8
574.43,5933,5869.8,5665.8,5316.2,4965.6,4334.2,3587.8,2630.2,1164,6.2
574.92,5922.2,5853.4,5657,5290,4938.6,4300.8,3590,2638.6,1179,2.2
575.41,5976.8,5824.4,5637.8,5292.6,4878.6,4331.8,3637.8,2707,1132.6,15.2
575.9,6040.6,5914.6,5660.2,5319.4,4871.8,4348.2,3609.2,2650.4,1130.8,13.4
576.39,6024,5955.2,5670.4,5319.8,4883.2,4314.4,3636.4,2704.8,1141.8,27.6
576.88,6010.4,5917,5624,5324.2,4920.6,4269.6,3678,2698.6,1155,62
577.37,6048.4,5966.8,5650.4,5341.2,4926.8,4330.2,3587.2,2680.8,1171,-8.6
577.86,6028.2,5924.4,5688.2,5320.4,4891.4,4290.2,3588.2,2693.2,1161.4,0.4
578.35,6002.4,5969.8,5649.2,5340,4854,4330.4,3622.6,2663.6,1145.4,23.6
578.83,5956.8,5908.4,5651,5294.8,4858.2,4305.6,3631.6,2677,1165,1.2
579.32,5940.8,5876.6,5724.2,5299.4,4839.4,4226.4,3659.8,2679,1141.6,1.6
579.81,5961,5893,5621.6,5259.6,4813.8,4298.4,3656.8,2655.8,1109.4,12.2
580.3,5890,5854.6,5647.6,5280.2,4897.8,4289.4,3599.4,2627.6,1091.8,-15
580.78,5908,5884.6,5566.8,5211,4887.8,4284.2,3547.2,2671.8,1128.4,-17
581.27,6002.8,5916.6,5595.6,5230.8,4832,4286.2,3577.6,2626,1139.8,-16
581.76,5955.6,5860.6,5643.8,5262.6,4790.6,4196.8,3566.8,2615.2,1141.4,-7.4
582.24,5946.2,5876.8,5545.2,5256.2,4777.4,4241,3563.8,2616,1148.4,-30
582.73,5909.8,5833.8,5566.2,5218.8,4783.2,4254,3556,2614.6,1140,10.4
583.22,5911.6,5894.8,5636.4,5213.8,4732.4,4282.8,3527.6,2646.4,1121.8,5.8
583.7,5909.2,5840.4,5635.6,5193.4,4798.6,4226.4,3486.2,2555,1088.2,-9
584.19,5929.4,5803.2,5555.4,5206.4,4792.6,4278,3472.2,2567.4,1141.2,32
584.67,5911,5824.8,5582.4,5243.2,4759.4,4247,3480.2,2573.8,1126.6,-11
585.16,5842.4,5792.2,5603,5127.6,4784,4236,3533.2,2592,1149.6,8
585.64,5772.4,5790.2,5572.2,5193.4,4731.2,4277.2,3444.6,2550.2,1136.4,-5
586.13,5791,5701,5553.6,5132.6,4769,4243.6,3485.8,2545.8,1093.4,13.6
586.61,5767.4,5737.2,5522.6,5145,4757.2,4177.2,3458.2,2538.2,1087,17.8
587.1,5820.6,5756.6,5510.2,5142.4,4705.6,4193,3502.8,2563,1082.2,8.2
587.58,5779.2,5698.8,5466,5143,4670.2,4171.8,3476,2566.2,1075.2,-14.4
588.07,5753.6,5689.6,5498,5110.2,4670.2,4163.6,3516.2,2532.4,1055.8,-21.2
588.55,5830.6,5704.8,5459.8,5146,4694.8,4159.4,3394.6,2515.2,1090.8,15
589.04,5812.8,5699.8,5535,5142.6,4685,4202.6,3444.8,2552.8,1054.4,25.8
589.52,5769.2,5734,5526.4,5079.8,4699,4206.8,3436.6,2563.8,1106.4,8.4
590,5758.4,5750.8,5501.2,5127.8,4625,4181,3408.6,2538.8,1067,14
590.48,5733.2,5753.4,5565,5135.2,4671.6,4135.8,3445.2,2530.6,1094.2,3.4
590.97,5814.4,5742.6,5502.4,5115.4,4676.8,4113.4,3400,2521.2,1078.2,18.2
591.45,5828,5721.6,5511.6,5163.8,4650.2,4092.2,3455.4,2494.2,1047.4,-31.8
591.93,5764.8,5772.6,5467.4,5107,4657,4130.2,3445.6,2521.2,1125.6,16.6
592.42,5781.4,5779.2,5454,5136.8,4702.6,4116,3471.6,2494.4,1076.4,-13.8
592.9,5764.6,5712,5483.8,5164.2,4654.2,4099,3498,2507.2,1124,42.6
593.38,5781,5723.4,5483.2,5143.4,4687.4,4148.4,3428.8,2542,1093,8.8
593.86,5756,5762,5481,5156.4,4676.4,4149.4,3432.4,2545.4,1089.6,9.4
594.34,5795.2,5794.4,5546,5188.6,4691.4,4093.6,3397.8,2526.4,1077.2,40.4
594.82,5774.4,5781.6,5490,5133,4712.2,4175.6,3468.2,2497.4,1063.4,34.2
595.3,5807.2,5788,5505,5225,4750,4175.6,3505.8,2567.2,1073.4,4.8
595.78,5878.8,5740.4,5519.2,5196,4776.8,4177.8,3493,2558.8,1059,42.6
596.27,5853,5680.8,5587.8,5217.6,4764.6,4139.6,3507.6,2541.2,1119,24
596.75,5907,5776.8,5596,5263.8,4795.8,4211.2,3497.4,2569,1116.6,43.8
597.23,5923.8,5805.4,5588.8,5189.4,4801.4,4195,3487.6,2606.6,1126.2,-4.6
597.71,5932.8,5830.8,5579.6,5338.4,4821.8,4240,3488.4,2583.6,1096,10.4
598.19,5905.2,5885.4,5637.6,5314,4808,4278.8,3581.4,2593.2,1124,7
598.67,5957.2,5927,5652.4,5316.8,4932.8,4245,3552.6,2560.4,1152.4,6.8
599.14,5993.8,5932,5636.4,5299,4914,4277.4,3565.8,2611.8,1150.6,-26.4
599.62,5985.2,5909,5675.2,5272.2,4853.6,4321.8,3580.4,2576.4,1129.8,11.6
600.1,6011,6001.4,5714,5386.4,4911.2,4341.2,3596.6,2624.4,1144.6,-8.8
600.58,5981.4,5975,5708.2,5300.2,4914.2,4331.4,3528,2641.4,1105.6,12
601.06,6122.8,5983,5762.2,5302.8,4913.8,4319.2,3558.6,2646,1136,-19.8
601.54,6041.2,6014.8,5705.2,5335.6,4899.8,4339.8,3576.4,2630.2,1160.4,2.8
602.02,6045.4,6052.8,5745.2,5347.2,4920.2,4348,3558.2,2680.8,1149.8,-13.2
602.49,6122.6,6079.2,5789.4,5304.6,4898.2,4375.4,3629.6,2674.6,1151.4,7.6
602.97,6143.4,6093.6,5801.6,5395.6,4985,4406.4,3696.6,2669.2,1169.2,-2.6
603.45,6130.2,6058.2,5851,5419.4,4960.8,4400.2,3611.2,2686,1137.4,-12.8
603.93,6141.4,6086.6,5799.8,5454.4,4953,4418.4,3641,2690,1208.8,14.4
604.4,6158.6,6076,5846.6,5451.8,4915.2,4450.2,3642.6,2696.2,1137.2,11.6
604.88,6207.4,6120.4,5944.4,5470.6,4966.4,4455.8,3723,2678.2,1164.4,-1.2
605.36,6204.6,6125.8,5953,5531,4997,4458.6,3695.8,2706.6,1161.6,6.4
605.83,6194,6160,5976.4,5478.2,5035.6,4465.8,3698.2,2714.8,1159.4,-10.4
606.31,6115.2,6210.2,5966.8,5455.2,5022.6,4456.6,3676,2700.4,1154,-12.8
606.78,6199.4,6137.8,5978.2,5622.2,5036,4477.8,3665.2,2755.6,1174,-17.6
607.26,6300.6,6193.6,5966.4,5594.4,5021.8,4568,3707.8,2728.8,1174.6,-3.8
607.74,6249.4,6198,5971.4,5573.4,5060.4,4479.2,3764,2778.8,1152.4,-21.4
608.21,6314.4,6270.6,5966.6,5680.6,5078.8,4515.8,3709.6,2748.4,1215.6,11.6
608.69,6327.2,6244.2,5983.8,5647.4,5082.4,4454.4,3758.6,2715.8,1209.6,27.8
609.16,6337,6289.8,5982,5652,5074.2,4521.6,3729,2766,1194.4,8.6
609.64,6331.4,6374.6,6000,5671,5121.6,4531.8,3757.6,2738.4,1186.6,24.6
610.11,6324.6,6298.2,6070.2,5676,5169.6,4544.6,3749.6,2750.4,1219.2,-14.4
610.59,6391.2,6354.6,5984,5632.2,5167.4,4602.6,3756,2747.2,1201.2,44
611.06,6432.4,6349.6,6050.4,5687.6,5154.8,4549.6,3765.2,2790.2,1245.2,7.8
611.53,6428.2,6404,6060.2,5669.8,5173,4563.6,3737,2758.8,1205.6,8.2
612.01,6493.8,6340,6070.2,5683,5189,4665.4,3789.8,2764.2,1219.2,-20.6
612.48,6454.6,6304.8,6093.8,5687.2,5192.8,4565.8,3793.6,2788.4,1223.6,-14.4
612.95,6489.4,6330.6,6084,5705.8,5286.6,4607.4,3851.8,2780.8,1159,23
613.43,6459.6,6364.4,6076.6,5718.2,5213.2,4617,3825,2823,1226.2,4.8
613.9,6370.2,6358.2,6099,5674.2,5144.4,4511.4,3764.4,2762.6,1216.4,25.8
614.37,6411.6,6339.8,6047.8,5668.8,5177.2,4517.4,3776.8,2795,1226.2,8.4
614.84,6349.6,6339.4,6050.8,5628.2,5245.8,4586,3772.4,2790.2,1209.6,-4.2
615.32,6356.2,6343.8,6043.2,5657,5193,4528.4,3804.6,2844,1225.8,22
615.79,6437.4,6330.8,6066.2,5697.8,5180.2,4547,3821.4,2784.6,1242.8,20.2
616.26,6383.4,6303.2,6153.2,5697.2,5148.2,4613,3843.2,2747.8,1226.6,11.6
616.73,6332.8,6268.4,6144.8,5699.6,5318.6,4554,3859.2,2735.4,1226.8,34.4
617.2,6385.4,6259.2,6099.8,5652.8,5142,4503,3753.8,2768,1203.6,19.8
617.67,6352,6275,6049,5608.8,5132.6,4538.6,3720,2732,1223.4,26
618.15,6361,6276.4,6144.2,5611.4,5178.6,4586,3775,2754.6,1203.4,-1.6
618.62,6323.2,6306.4,6092.6,5591.2,5154.2,4552.6,3706.8,2704.4,1203.8,9.2
619.09,6362.2,6251,6035.4,5588.4,5118.4,4580,3709.8,2715.6,1207.2,27.6
619.56,6361,6303.2,6006,5627,5151.8,4581.8,3733,2721.4,1179.8,-42
620.03,6298.8,6251.8,6033.4,5633,5153,4491,3728.4,2672.2,1167.2,-14.6
620.5,6274.4,6244,6082.4,5708.8,5173.8,4546.6,3688.4,2788.6,1193.4,-0.4
620.97,6422.6,6299,6018.4,5605,5126.2,4510.4,3754.2,2738.6,1223.8,11.8
621.44,6393.6,6323.6,6055.8,5607.6,5111.6,4521.8,3771,2736.4,1208.6,4
621.91,6282.4,6234,6022.2,5555.6,5112.4,4551.2,3738.2,2719,1200.2,26.8
622.37,6300.6,6181.4,5864.8,5571.8,5157.2,4492.4,3699,2664,1175.6,3.2
622.84,6240,6261,5892.4,5517.4,5105.4,4448,3640,2700.8,1178.6,-14.2
623.31,6228.6,6176.2,5917.4,5568.6,5126.4,4516,3659,2709.2,1214,-19.2
623.78,6225,6246.2,5956.2,5516.8,5060.6,4478.2,3689,2714.2,1153.2,17.6
624.25,6219.2,6176.4,5940.2,5452,5035.6,4452.8,3616.8,2662.4,1166.2,0.8
624.72,6208.8,6115.8,5817.8,5456.4,4961.2,4420.2,3645.4,2649.8,1129.6,34.4
625.18,6237.6,6135.8,5866.2,5500.2,4958.4,4410.4,3622.2,2667,1154,-4.6
625.65,6197,6177.8,5799.8,5479,5000.6,4371.8,3601.6,2668.2,1144.6,-17.6
626.12,6180.8,6075.8,5840.8,5464,4997,4396.4,3595.6,2616.2,1150.4,-15.6
626.59,6214.6,6058,5801.2,5450.2,4960.2,4369,3548.4,2636.6,1096,33.6
627.05,6256.4,6055,5782.6,5397.4,4945.2,4317.4,3620.4,2633.8,1105.2,-17.2
627.52,6132,6004.4,5796,5387,4971.8,4355.8,3601.4,2625.4,1126.4,23
627.99,6102.2,5990,5832.8,5306,4961,4302.2,3594.2,2613.6,1166,40.6
628.45,6064.8,5949.4,5784.8,5225.8,4829.2,4309.6,3505.8,2616.8,1091.4,4.2
628.92,5986.4,5980,5707.4,5332.8,4834.6,4309.6,3529,2580.8,1128.2,24.6
629.39,5953.2,5921.2,5681.2,5266.2,4892,4276.6,3540.6,2568.8,1131.8,11.2
629.85,6016.6,5865,5703.4,5225,4780.2,4281.2,3499.4,2558.8,1112.6,13.4
630.32,5926.4,5922.4,5663.8,5274.4,4798.8,4256.8,3484.8,2536.4,1090.4,11.4
630.78,5923.6,5904.4,5606.6,5293.6,4733.8,4224.6,3450.4,2565.2,1109.8,21.8
631.25,5972.6,5910.4,5633,5137.8,4751.2,4172.4,3409.8,2488.6,1109.4,29.6
631.71,5922.2,5799.4,5636.8,5167.2,4748,4159.6,3442,2477.6,1074.2,-1.6
632.18,5889.2,5717.6,5577.4,5217,4740,4142,3419.4,2500.8,1113.2,17.2
632.64,5799.4,5725.4,5537.8,5190.6,4718.8,4113.4,3405,2444,1053.6,7.6
633.1,5767.4,5744,5559.2,5142,4634.8,4113.6,3363,2482.8,1054.4,23
633.57,5792.8,5664.2,5463,5077.2,4608.6,4079.8,3405,2472.6,1104,15.8
634.03,5819.2,5713,5448.4,5045,4665.8,4101,3375.2,2492,1091.8,16.8
634.5,5795.6,5714.4,5414.2,5026.2,4595.2,4075.8,3355.2,2493.6,1088.6,-20.6
634.96,5730,5662.2,5429.6,5009.8,4597.6,4023.8,3264.2,2416,1125.4,30.8
635.42,5691.4,5662,5408.6,5029.2,4610.2,4012.6,3279.6,2458.2,1054.4,-7.4
635.89,5641,5677.2,5356.6,4962,4581.6,3963.2,3227.2,2439.4,1075.2,-5.8
636.35,5619.2,5634.2,5318.8,4991.4,4521.4,3998.8,3289.8,2408.4,1066.6,7.6
636.81,5641.4,5525.6,5312.2,4962,4600.2,4033,3290.8,2434.6,1083.2,29.8
637.27,5620,5523.8,5282.6,4934.4,4541,3957,3280.8,2415,1050.6,11.6
637.74,5612,5486.4,5343,4878.4,4453.8,3965.6,3200.4,2359.4,1078,4.8
638.2,5585.6,5596,5294.4,4831,4438.2,3979.8,3262.2,2409.2,1055,51
638.66,5560.4,5599.4,5279.6,4923.2,4487.8,3947,3215.6,2367.6,1048,30.2
639.12,5547.6,5503,5275.4,4909.4,4436.4,3941.6,3246.6,2349.2,1025.2,12.4
639.58,5566.4,5441.6,5169.6,4885.4,4473,3913,3186.8,2328,1016.2,6.6
640.04,5572.6,5498.8,5225.4,4887.6,4436.6,3893,3172.2,2357.8,1046,11
640.5,5583.4,5477.2,5191.8,4876.8,4445.8,3840.4,3133.2,2324.6,1034.4,5.2
640.97,5533,5426.6,5152.8,4867.8,4331.8,3822.8,3109.2,2278.6,1005.4,-1.4
641.43,5503.8,5442,5148.6,4785.8,4330.6,3831.6,3147.4,2302.4,1007,11
641.89,5425.2,5392.6,5162.6,4828.8,4371.8,3847.8,3136.6,2284.4,1001.2,-7
642.35,5417.8,5300.8,5194.6,4732.6,4305,3839.8,3119.2,2257,997.2,10.8
642.81,5439.4,5327.8,5137,4782.2,4365.2,3866.2,3122.6,2253,1031,2.6
643.27,5399.2,5328.8,5214.6,4753.4,4405,3817.2,3117,2294.8,1001.4,36
643.72,5363.6,5319.2,5207.4,4788.8,4335,3793.8,3070,2287.4,987.2,-1.8
644.18,5361.8,5290,5126,4754.8,4322.4,3837.2,3072.8,2238,985,-11.2
644.64,5333.8,5215.2,5092.8,4689.6,4313.6,3810.2,3037.6,2247.4,976.6,-0.8
645.1,5294.6,5304.2,5104,4700.6,4271.8,3789,3072.8,2243.4,972.4,22
645.56,5252.4,5250.4,5034.6,4715.6,4327.6,3735.2,3086.8,2244.6,983.8,10.4
646.02,5256.4,5238,5131.8,4708.8,4335.8,3762.6,3057.2,2255.6,965.8,30.2
646.48,5320.8,5216.2,5045.8,4615,4249.4,3753.4,3039.8,2253.8,955.2,-14.2
646.93,5407.6,5258.4,5056.6,4611,4233.4,3738.2,3038.2,2244.8,972.4,24
647.39,5375,5197.2,5065.2,4687.6,4213.2,3760.2,3100.8,2265.8,967.6,18
647.85,5337.8,5199.8,5028.8,4692.2,4260.4,3749.8,3007.8,2198.4,973.6,15
648.31,5294.2,5224.4,5069.6,4694.2,4268.4,3749.4,3055.4,2231.6,972.6,13.8
648.76,5296.8,5177.6,5049.4,4639.2,4328,3736,3006.8,2193.4,1001.2,7.2
649.22,5271.4,5215.2,4978.2,4693.2,4257.2,3689.2,3058.2,2195.6,982.8,-12.6
649.68,5308.6,5226.2,5076.8,4706,4215.2,3707.4,3055.6,2230.8,943.8,-2.4
650.13,5329.8,5219.2,5082.2,4724.6,4244.4,3691.4,3087.4,2264,951.4,-16.6
650.59,5300.6,5248.4,5030,4662,4223.6,3727.4,3054.8,2289.2,925.8,12.8
651.05,5262,5216.8,5059.8,4629.6,4179.4,3730.6,3067.4,2201.4,927.6,28.8
651.5,5273.6,5292,5007.8,4658.2,4217.6,3764.8,3051,2224.6,987.8,14.2
651.96,5263.4,5275.6,5074.6,4693.8,4246.4,3701.8,3063.2,2199,970.4,-2.2
652.41,5283.8,5240,5041.8,4672.4,4290.8,3726,3025.6,2194.2,961,12
652.87,5336.8,5234.6,5042,4672.8,4252.4,3689,3010.6,2202.4,956.8,13.8
653.32,5376.4,5277,4998.6,4676.2,4226.8,3725,3059.4,2190,948,33.2
653.78,5327.6,5233.6,4997,4643.8,4206.8,3731.4,3048.8,2266.6,903.6,7.2
654.23,5283.8,5216.4,5130.4,4736,4278.4,3797.4,3019.2,2206.2,952.6,4.6
654.69,5309.4,5205,5029.2,4774,4283.6,3722.6,3051,2238,949.4,6
655.14,5322,5206,5019.4,4817.2,4244.6,3804.6,3054.6,2186.8,940.2,29.6
655.6,5412,5302.2,5179,4784.2,4291.8,3785.8,3042.6,2253.2,934.8,24
656.05,5357.4,5293.8,5087.4,4722,4311.8,3778.4,3121.8,2255.4,983.4,37.8
656.5,5343.2,5273.4,5012,4716.8,4300.6,3715.4,3115,2196.2,975.4,-13.4
656.96,5274.8,5331.8,5032,4710.4,4305,3872.2,3087.2,2264.8,953.8,53.2
657.41,5331,5269,5003.4,4700.2,4341.2,3839,3063.4,2193.6,966.4,23.8
657.86,5339.6,5320,5110.2,4741.8,4315.6,3796.4,3066,2209.6,979.2,19
658.32,5328.6,5274.8,5098.4,4734,4276.4,3798,3153.6,2269.8,999.4,6.4
658.77,5345,5329,5073.8,4737,4313.2,3722,3093.8,2244.2,985.4,8.2
659.22,5388.8,5308.2,5139.2,4719.4,4276.4,3786,3082,2241.4,963,-49.4
659.67,5433,5234.4,5102.2,4751.2,4371.2,3774,3109.6,2235.2,982.2,-0.8
660.12,5393.6,5318.8,5116.2,4811.8,4367.6,3808.8,3135.6,2267,995,-23.4
660.58,5372.2,5355.2,5116.8,4785.8,4346,3795.8,3078,2290.6,973.4,-19.2
661.03,5463.4,5395,5171.2,4851.2,4419.2,3835.4,3115,2302.2,997.4,-12.4
661.48,5423.4,5373.2,5177.6,4897.6,4349,3876.2,3092,2276.4,983.4,21.4
661.93,5503.4,5379.2,5215.4,4849.8,4349.8,3875.6,3205.6,2289.4,1004.2,26.4
662.38,5491.8,5427.6,5175,4873,4426.4,3858.6,3182,2294,998.4,10
662.83,5576.4,5513.2,5179.6,4861.4,4426.8,3896.8,3203.2,2279.8,943.6,37.2
663.28,5551,5405.4,5197,4868.2,4452.8,3863.2,3120.4,2299.8,987.6,-10.8
663.73,5541.8,5459.2,5219.4,4940.2,4424.4,3818.4,3202.2,2283.6,963.6,24
664.18,5544.4,5485.2,5259,4884,4413.6,3858.4,3194.8,2321.2,970,29
664.63,5635.4,5500,5255.8,4930.6,4400.2,3883,3221.4,2346.8,991,17.8
665.08,5525.4,5454.6,5294.2,4904.6,4430.8,3954.6,3208,2319.8,1011,22.2
665.53,5571,5499.2,5236.6,4906.2,4528.6,3905.8,3213.6,2293.6,1007.4,3.4
665.98,5604.6,5538.2,5294.6,4948.2,4499.8,3921.6,3221.2,2376,1032.4,36.2
666.43,5543.6,5599.4,5278,4943.4,4515.6,3972,3286,2407.8,1024.6,-4.6
666.88,5617.4,5517.8,5266,5004.8,4489.8,3956.2,3260,2396.2,1038.4,-4
667.33,5606.6,5510.2,5319.4,5014,4520.8,3947.4,3296.8,2370.8,1045.4,6.8
667.77,5619.2,5592,5329.2,5075.4,4568.4,4001.8,3320.2,2401.6,1035.8,-12.4
668.22,5692,5641.2,5387,5090.6,4644.4,3985.6,3269.6,2396.6,1048.6,-5.2
668.67,5660.2,5629.2,5354.8,5093.2,4639,4009,3309.4,2374.4,1051.2,7.4
669.12,5730.4,5617.2,5403.6,5096.6,4585,4002.2,3334,2435.8,1038.6,12.2
669.56,5781.2,5687,5398.6,5026.8,4592.8,4015.8,3322.6,2481,1063.2,6
670.01,5783.4,5710,5352,5026,4607.2,4035.2,3299.2,2445.2,1007,11.6
670.46,5695,5673.2,5342.6,5063.6,4522.8,4063.2,3370.4,2428,1075.6,21
670.91,5720.6,5683.2,5385.2,5075.4,4553.8,4067.6,3353.8,2504.6,1080.8,-0.4
671.35,5718.6,5707,5391.2,5166.2,4645.6,4084.6,3336.8,2487.4,1079.8,14.2
671.8,5837.8,5771.8,5523,5170.2,4682.8,4108.4,3370.2,2468.8,1081.8,24.2
672.25,5781.6,5796.4,5518.8,5213.6,4714.8,4105.8,3432,2466,1046.4,14.2
672.69,5814,5740.2,5494.6,5184.6,4678.6,4126,3396.2,2428,1050.2,-8.6
673.14,5767.4,5738.2,5511.6,5200.2,4770.8,4108.8,3334.2,2474.2,1084.8,-13.6
673.58,5832,5767.8,5585.2,5162,4794.4,4169.6,3420.2,2495.6,1110.6,5
674.03,5780.8,5810.6,5588.8,5179.2,4801.8,4189.8,3460,2466.6,1084.2,27.4
674.47,5793.8,5766.2,5541.2,5154.4,4755.2,4130.2,3464.4,2484.4,1100.8,12
674.92,5859.8,5743.4,5548,5188.4,4698.6,4171.4,3431.6,2476.6,1094.6,27.6
675.36,5930.2,5774.8,5594.2,5241.4,4763,4182.2,3515,2477,1062.6,20.4
675.81,5881.8,5855.6,5558.6,5239.4,4748.8,4129,3521.6,2526.4,1157.8,-17.8
676.25,5851.8,5837,5555.8,5221,4767.8,4157.4,3454.6,2540,1089.6,-4.8
676.7,5983.4,5791.8,5619.4,5282.4,4796.8,4200.4,3485.8,2555.2,1082.6,19
677.14,6012.6,5893.2,5665.2,5205.2,4833.8,4244,3511.4,2601.2,1092.6,-12
677.58,5930,5926.2,5693.8,5276,4760.6,4227,3509.8,2534.2,1088.6,32.4
678.03,5904.4,5907.2,5701.4,5333.2,4830,4244.2,3537,2542.8,1114.8,-5.2
678.47,5955.4,5917,5687.6,5320.8,4862.2,4311.2,3498.6,2584.4,1114.4,19.2
678.91,5968.2,5879.6,5678,5294,4823.8,4253.6,3485,2587.6,1108.2,24.2
679.36,5907.4,5873,5730,5364.4,4881.2,4277.2,3532.8,2575.8,1118.8,10.8
679.8,6014.6,5913.2,5785.6,5415.2,4912.6,4361,3519.8,2549.2,1171.8,22.2
680.24,6014.4,5891.6,5789.4,5362.6,4936.8,4319.4,3587.2,2588.6,1089.2,-13.2
680.68,6108,5948,5766,5379.6,4909.2,4381.2,3613.8,2595.4,1104.6,10.2
681.12,6035.4,6001.4,5758.4,5424.6,4886,4331.4,3620,2631.8,1132,16.6
681.57,5977.6,5973.4,5820.4,5413.8,4902.2,4261,3617.8,2634.4,1122.2,1.4
682.01,5975.2,5982.8,5763.8,5387.6,4956,4346.6,3535,2674.8,1150.6,-16.6
682.45,6033.2,6000.8,5765.4,5370.2,4963.2,4376.4,3632,2655.6,1145.2,-23.2
682.89,5996,6012.4,5680.4,5390.4,4944,4303.4,3579,2689.4,1187,36.4
683.33,6020.2,5993,5784.8,5439.6,4951.6,4337.2,3587.2,2705.8,1153.2,-5.8
683.77,6057.8,6029.8,5790.4,5347.8,4918.2,4409.6,3616.8,2688.2,1178.2,-18.2
684.21,6145.4,6049.2,5737.2,5403.6,4970.4,4439,3639.2,2708.6,1174.2,4
684.65,6149.2,6068.4,5793.8,5463.4,4953.6,4447.6,3586.4,2674.8,1163.2,-20.8
685.09,6129.2,6032.4,5833.4,5438.8,4904,4400.4,3636.2,2725.4,1167.4,-5
685.53,6056.2,6063.4,5768.2,5489.2,4992.8,4394.6,3638.8,2682,1162.4,5.2
685.97,6079.4,6065.8,5773.4,5462,5033.6,4391.6,3598.4,2707.8,1125.8,-0.8
686.41,6194.6,6130.6,5821.8,5460.6,5055.6,4448.8,3629.6,2705.4,1154.4,-11.2
686.85,6186.2,6054.4,5824.6,5424.4,4989.4,4405.6,3644,2742,1171.6,26
687.29,6136.8,6005.8,5803.6,5455,4963,4443.8,3671.6,2715.2,1182.4,49.2
687.73,6098.4,6084.6,5767.8,5496,5028.8,4382.2,3684,2795.8,1197.4,-32.8
688.17,6047.8,6047.6,5791.2,5502,5039.2,4392.4,3688.2,2759.8,1166.4,-13.8
688.61,6135.2,6042.2,5808.6,5457.8,5036.2,4422.6,3666,2724.8,1199.4,25.6
689.04,6154.2,6076,5806,5405.6,4969.2,4367.4,3635.8,2714.8,1155.4,-2.8
689.48,6001.6,6067,5783.6,5461,5026.2,4389.2,3653.6,2775.2,1179.4,-15.6
689.92,6034,6020.2,5870.4,5386.8,5010,4497.6,3728.2,2782.4,1132.4,-11.8
690.36,6081.4,6070,5781.6,5393.2,5031.8,4431.6,3751.4,2696.6,1166,29.6
690.8,6051,6142.2,5849.2,5415.4,5059.4,4497,3751,2742.4,1192.4,7.4
691.23,6070.2,6116.6,5915.8,5488.4,5125.2,4533,3737.2,2757.6,1200.8,8.6
691.67,6073.6,6010,5904.2,5494.8,5004.6,4525,3670.8,2730.4,1178.2,41.4
692.11,6086.6,6003.6,5775.2,5532.2,5019.2,4498,3711.4,2758,1183,-20.4
692.54,6101,6032.2,5876,5465.6,4971,4450.4,3722.4,2749,1192.6,3.2
692.98,6130.2,6098.8,5906.2,5487.8,5029,4432.6,3705,2799.4,1167.2,0.2
693.42,6045.4,5997.8,5786.8,5494,4969.4,4362,3701.8,2774.6,1149.2,20.2
693.85,6090.6,6047,5845,5498.4,4947.4,4397,3771,2789,1201.2,-5.4
694.29,6035.8,5967.4,5902.2,5473.6,4971.6,4387.2,3754.6,2713.4,1218.8,-18.8
694.72,6040.2,6048.4,5856.2,5442,5022.6,4496.2,3714.4,2806.2,1193.2,0.6
695.16,6127.8,6003.8,5832.8,5430.8,4937,4468.2,3717,2746,1163.6,28.8
695.59,6112.8,6023,5817.8,5406.4,4930.6,4400.8,3659,2738.8,1157.6,30.2
696.03,5987.4,5966.4,5813.4,5450,4990.4,4401.2,3662.8,2718.6,1150.4,17.4
696.46,6041.6,6083.6,5762.8,5483,4992,4410.8,3668.4,2736.6,1160.6,-14.8
696.9,6030.2,6012.4,5821,5446.4,4952.2,4336.8,3676.6,2668.2,1218.4,0.6
697.33,6083,5946.8,5835.8,5368.2,4991,4376.8,3654.8,2655.4,1183.4,8.8
697.76,6055.4,6001.6,5849.4,5350.8,4965.4,4413.2,3702.4,2696.6,1172.2,17.8
698.2,6036.4,6011.4,5807.2,5457.4,4913.4,4370,3705.6,2758.6,1171.4,25
698.63,6004.6,5940,5813.6,5395,4968,4432.4,3694.8,2730.8,1171.2,-3.4
699.07,6074.6,6015.6,5753.8,5444.6,4927.2,4404.6,3691.4,2723,1152.4,-15.8
699.5,6070,5925.8,5821,5415.8,4902,4433.8,3671.6,2749.6,1178.6,-6.4
699.93,6014.4,5986,5697.2,5398,4952.6,4407.8,3671.2,2792.6,1191.6,4
700.36,6010.4,5909.4,5741.8,5345.4,4923.8,4358.2,3669.6,2717.4,1153.8,-12.6
700.8,6020.4,5983.8,5687,5380.4,4970.8,4372.2,3667.2,2712.2,1195.2,9
701.23,5961.4,5937.2,5728,5409,4960.8,4321.2,3715,2694.6,1181.2,30.8
701.66,5898.8,5988.2,5690.2,5443.8,4946.8,4388.8,3675.8,2714,1176.2,8.8
702.09,5899.6,5913,5699,5370.6,4951,4321.4,3648.2,2725.8,1181.6,34.8
702.52,5960.6,5930.6,5693.4,5388.4,4933.6,4295.8,3590,2759.8,1158.2,18.4
702.96,5903.4,5856.8,5673.2,5325.4,4950,4403.4,3632.4,2743.2,1169.8,23.6
703.39,5968,5903,5713.2,5333,4930.6,4453,3630,2767.6,1164.6,15.4
703.82,5994.2,5876,5740.4,5354.2,4873.2,4411,3581.8,2756,1178.8,4
704.25,5955.4,5860,5737.8,5328.4,4883.6,4336,3540,2715.6,1192.8,26.4
704.68,5938.6,5923,5726.2,5295,4884.2,4345,3618.6,2685.2,1179.4,1.4
705.11,5895.2,5954.2,5719.4,5259.4,4861.8,4336,3674.6,2706.4,1134.4,7.4
705.54,5949,5953.4,5688.8,5331.4,4855.2,4375.2,3660.2,2720.6,1167.6,10.4
705.97,5913.2,5876.4,5662,5263.8,4865,4360.4,3647.8,2724.2,1164,19.8
706.4,5883.4,5904,5637.2,5317.6,4846.6,4279.2,3552.8,2730.4,1124.6,6.2
706.83,5854,5878.6,5699.8,5296.2,4848.8,4358.8,3586.6,2710.8,1145.2,6.4
707.26,5935.2,5876.6,5731,5334.2,4861.2,4347,3674.6,2725.4,1167.4,18.8
707.69,5917.6,5860,5701.4,5268,4835.4,4296,3641,2626.8,1183.2,-16
708.12,6001.4,5917.6,5629.4,5220.4,4784.2,4333.8,3652.4,2655.8,1139.2,-2.8
708.55,5947,5861.8,5642.8,5205,4759.4,4277.8,3609.8,2677,1157.2,16.8
708.97,5952.6,5821.8,5577.2,5279.6,4850.8,4266,3636.8,2700,1142,-0.8
709.4,6030.6,5910.2,5652.2,5316.2,4847.4,4354.6,3591.2,2712.6,1195.8,-5.8
709.83,5918,5814.4,5620,5287.2,4869.8,4361.6,3602,2671.4,1171,32.6
710.26,5872,5760.6,5527.4,5290,4822.8,4317.4,3577.2,2620,1141.6,-2
710.69,5809.4,5833.8,5631,5308.8,4804.4,4344.2,3594,2693.8,1165,3.8
711.11,5761.2,5703,5602.8,5261.4,4779,4287.4,3588,2671,1153,24.6
711.54,5815,5781.2,5649,5232.4,4835.2,4292,3590.8,2646.4,1170.6,1.8
711.97,5881,5758.2,5620,5261.2,4818.4,4258.4,3634.6,2603,1157.2,-12.2
712.39,5806.4,5742.6,5638.4,5317,4881.4,4282,3649.2,2607.8,1137.8,2
712.82,5825,5679,5574.8,5233,4798.2,4308.4,3639.8,2634,1150.6,-9.4
713.25,5833.2,5834.4,5516.2,5256.6,4864.6,4289.6,3615,2665.2,1173.6,11.8
713.67,5838.8,5778.8,5515.6,5239.4,4804,4292.2,3610.2,2696.6,1178.2,14
714.1,5819,5807.2,5576.6,5287.8,4868.2,4263.4,3621,2694,1131.8,-16.4
714.53,5800.2,5836.8,5587.6,5280.8,4782.2,4248.8,3632.6,2675.2,1144.2,-10.6
714.95,5787.8,5784.2,5599.6,5292.2,4838.4,4299,3603.4,2691,1159.4,19.6
715.38,5714,5750,5599.6,5309.4,4850.2,4274.6,3601.4,2626.6,1187.2,39.8
715.8,5696.4,5724.6,5548.4,5231,4729.2,4192.2,3538.8,2689.8,1134.8,-3.4
716.23,5823.8,5793.2,5532.2,5226.8,4732,4249.6,3602.4,2663.4,1085,0.8
716.65,5782.8,5724.4,5526.8,5160.2,4756.6,4224,3611.6,2700.2,1128.2,-3.4
717.08,5773.6,5665.4,5528.6,5138,4788.6,4257.4,3578.2,2707.8,1145.8,-3.6
717.5,5741.4,5671.4,5529,5215.8,4837,4260.6,3592,2630.4,1144.8,-11
717.92,5807,5734.2,5559.2,5243.2,4811.2,4228.4,3608.4,2609.8,1142.8,4.8
718.35,5819,5775.6,5522.6,5177.4,4790.2,4313.6,3589.8,2667,1146,43.2
718.77,5815.8,5810.4,5496.4,5137.2,4788.4,4321.2,3524.6,2709.8,1147.8,32
719.2,5852,5726.8,5503.6,5176.4,4785.4,4201.4,3634.8,2644.4,1125.2,9.4
719.62,5842.6,5665.4,5496,5120,4747.2,4277,3597.8,2708.6,1174.4,25.6
720.04,5809.2,5707.8,5548.4,5169.4,4783.2,4229.2,3608.8,2700.8,1143.8,-4.8
720.46,5845,5721,5555.6,5087.6,4703.2,4251.4,3555.8,2647.6,1106,12.2
720.89,5802.2,5739.2,5504.6,5154,4727.2,4276,3573,2664.2,1109.6,24.6
721.31,5797.6,5718.8,5494.6,5136.6,4709.2,4213.2,3601.6,2629.8,1169.2,-39.8
721.73,5807.4,5750,5491.6,5157.6,4720,4150.4,3600.4,2661.8,1163.8,-6.8
722.15,5801,5726.2,5468,5114.6,4777.2,4242.6,3535.8,2680.2,1157,19.4
722.57,5840,5732.8,5455.4,5099.2,4740.8,4214.8,3533.8,2699,1159,21
723,5754.8,5682,5491.6,5107.6,4719.6,4228.8,3538.2,2659.8,1134.4,10.4
723.42,5795.8,5740,5524.2,5101.6,4691.6,4228.6,3542.2,2643.8,1156,2.8
723.84,5735.6,5760.2,5497,5070.6,4819.4,4172,3510,2628,1112.4,-1.6
724.26,5757,5774.6,5497.2,5122,4746.8,4192.4,3559.4,2600.6,1199,-2.4
724.68,5685.4,5702.4,5479.4,5124.8,4704.2,4212.2,3564,2598.6,1145.8,-10
725.1,5707.4,5630.8,5439.4,5117.4,4718.8,4235.4,3588,2596,1130,-19.6
725.52,5705.8,5641,5522,5095.8,4712,4201,3555.6,2680.8,1139.4,5.4
725.94,5772,5626.6,5551.2,5143,4753.6,4191.8,3584.2,2672.4,1119.2,1.8
726.36,5745.4,5652,5476.2,5168.8,4721.6,4232,3569.8,2644,1220,7.2
726.78,5687.2,5624.4,5425.4,5140.4,4762.2,4213,3560.6,2657,1212.4,6.8
727.2,5759.8,5703.2,5460.6,5139.4,4714.8,4243.4,3547.2,2603.8,1148.8,-9
727.62,5787.4,5629.4,5486.2,5111.4,4706.6,4200.4,3519.6,2559.8,1193,-11
728.04,5742.8,5643.8,5473,5159.6,4797,4250.2,3505.6,2652.2,1170.4,-2.8
728.46,5767.4,5659.2,5412.8,5194.4,4775.6,4219.8,3559.2,2669.2,1150.6,-34
728.88,5744.2,5699,5468.6,5232.6,4813.4,4202,3492.8,2651.6,1149,-27.2
729.29,5742.6,5628.4,5490.6,5273,4787.8,4221.6,3526.2,2610.6,1147.4,9.6
729.71,5687.2,5683,5422,5183.8,4744.2,4157.8,3494,2656.6,1165.6,-14.4
730.13,5704.2,5699,5396,5179.4,4711,4181,3500.8,2651.6,1165.6,-10
730.55,5791.2,5657.8,5419.8,5187.4,4632.4,4204.2,3504,2659.6,1144.8,-0.4
730.97,5795.2,5665.2,5365.6,5113.2,4703,4209,3539.8,2689.6,1157.2,5.4
731.38,5780.4,5666.4,5472.8,5104.2,4759.4,4131.4,3546.6,2655.6,1168.8,-19.8
731.8,5710.8,5634.4,5391,5120.4,4712.2,4150.4,3529.2,2691.8,1141.8,7
732.22,5699.4,5700.6,5460.4,5194.6,4723.2,4229,3516.2,2638.8,1133.6,23.4
732.63,5622,5621.6,5414.2,5180,4733.2,4192.4,3548.2,2679.6,1135.8,0.8
733.05,5626.8,5717.2,5432.8,5222.4,4755.4,4203.6,3504.4,2677,1116.2,-3.6
733.47,5623,5667,5461.8,5207.4,4824.4,4179,3548.2,2668.8,1148.6,-2.2
733.88,5665,5616.2,5487.8,5259.8,4764.6,4228,3517.6,2608.6,1115.8,6
734.3,5624.6,5567,5520.6,5180.2,4715.8,4158.6,3492,2647.6,1151.4,21
734.71,5659.8,5628.8,5480.2,5106.4,4713.4,4127.2,3508.2,2680.2,1150.4,39.4
735.13,5621.8,5571.2,5372,5112.8,4702.2,4195.8,3548.6,2655.4,1121,8.8
735.54,5692.6,5624.6,5469.4,5066,4676.8,4197.8,3541.2,2617.2,1130,15
735.96,5661.4,5628.8,5467.8,5102.4,4742.8,4214,3555.6,2629.8,1137.2,-1.2
736.37,5648.6,5590.6,5428.8,5155.8,4763.2,4184.2,3579.4,2667.4,1102,29
736.79,5725.6,5597.2,5364.2,5062.8,4694,4212.6,3518.2,2644.4,1121.6,15.6
737.2,5665.8,5627.6,5378.4,5030,4732.4,4213.8,3577.2,2639.2,1159.6,30.6
737.62,5624.6,5709.4,5394.2,5028.8,4637.4,4235.6,3573.2,2655.6,1123,-0.6
738.03,5667.8,5643.4,5416,5034.6,4707.2,4184.8,3575.2,2633.6,1151.6,22.6
738.44,5666.2,5625.6,5421.2,5054.8,4707.6,4194,3572.6,2646.6,1147,-10.8
738.86,5744,5606.4,5445.6,5034.8,4656.6,4234.2,3585.8,2692.4,1139.6,-5.2
739.27,5703.4,5557.4,5344.4,5058.2,4689,4251.4,3631.8,2682.6,1126,5
739.68,5657.2,5634.8,5357,5104.8,4696,4260.6,3561.8,2689.2,1145.2,32.6
740.1,5677.6,5614.8,5401.8,5113.2,4691.4,4205.2,3545.4,2685.4,1145.6,-1.4
740.51,5705.4,5620.6,5385.4,5152.8,4744.6,4198.2,3589,2679,1104.8,9
740.92,5732.6,5650.2,5428.8,5169.2,4708,4209,3571.2,2645.6,1125.8,8.4
741.33,5737.4,5636,5412.4,5179.6,4742.6,4220,3540.2,2636.6,1120.8,2.4
741.75,5656.6,5640.6,5395.6,5125.8,4754,4195.4,3535.2,2640.6,1128,21.6
742.16,5658.4,5612.8,5342.2,5071.6,4779.6,4246.6,3524.8,2663.4,1102.4,4.2
742.57,5643.2,5578.6,5373.4,5118.6,4654.8,4161.2,3489,2670.8,1113.4,10.2
742.98,5649,5626.6,5387,5071.8,4638.6,4237.2,3500.8,2646.8,1120.2,-1.6
743.39,5683.8,5579.2,5353.2,5139.6,4678.2,4193.4,3587,2699.8,1116.8,-8
743.8,5588.6,5516,5395,5113.4,4672.2,4177.8,3568,2625,1147.4,10.2
744.21,5587.2,5588.2,5382.2,5008.6,4649,4162.4,3533.8,2642.6,1168.8,42.4
744.63,5647.6,5500.6,5371.8,5041.4,4640.2,4186.2,3508.2,2641.2,1159.8,4.2
745.04,5665.6,5559.2,5313.6,5077.2,4665.2,4135.6,3531.2,2632.8,1077.2,-1
745.45,5672,5567,5357.4,5090.8,4660,4220.8,3533.2,2606.8,1122.4,-5
745.86,5615.8,5613.4,5330.4,5010,4670.6,4180.6,3481.6,2653.8,1131.4,22.4
746.27,5672.2,5519.8,5336.6,5055.6,4622.2,4130.4,3490.6,2655.2,1169,36.2
746.67,5615,5508.8,5390,5002,4637,4183.8,3528.4,2601.4,1156.4,10
747.08,5664.8,5535.4,5365.6,5031.4,4648.6,4212.8,3575.4,2643.6,1131.2,20.8
747.49,5607.4,5568.4,5361.8,5014.2,4644.2,4108,3596.6,2642.6,1173.8,19
747.9,5525.4,5481.6,5318.2,4994.8,4583.8,4197.8,3530.6,2609,1149,-1
748.31,5553.2,5429,5313.8,4948.4,4520.2,4164.6,3539.2,2614.4,1145.8,16.2
748.72,5591.2,5504.8,5327,4981.2,4539.8,4082,3549.8,2633.4,1119,-14.4
749.13,5656,5626.2,5325.2,4920.2,4553.2,4091,3515.6,2571.6,1143,43
749.54,5605.8,5513.4,5331.6,4989.2,4587.8,4074.4,3547.8,2587.8,1093.6,14
749.94,5553.8,5545.4,5221.8,5027.2,4570,4070.2,3514.4,2555.2,1088.8,15.8
750.35,5488.6,5491.4,5245.8,4990,4604.2,4083,3530.2,2574.8,1105.4,7
750.76,5517.2,5418.4,5294.8,5010.4,4576.6,4101.6,3534.4,2558.8,1158.4,0.6
751.17,5545.4,5421.8,5284.4,4959.6,4572.2,4099.8,3544.4,2598.6,1167.2,38.6
751.57,5471,5403.8,5356.4,5007,4572.4,4106.6,3580.8,2581.2,1080.6,19.6
751.98,5438.4,5375.4,5305.4,4975.2,4586,4088.4,3482.8,2619.6,1123,3
752.39,5450.8,5472.4,5304.2,4952.6,4554.6,4077.2,3456.6,2577.6,1095,28.4
752.79,5483.4,5370.8,5239.8,4882.4,4557,4071.8,3375.8,2567.8,1122.4,25.8
753.2,5529.2,5395.8,5258.8,4842.6,4512,4091.8,3412.6,2555.8,1111.8,23.2
753.6,5475.6,5422.2,5227.2,4895,4536,4042.6,3431.4,2603.8,1116.8,-0.4
754.01,5492.2,5455.6,5215.8,4955.4,4526.4,4121.2,3383.6,2567,1095.4,47.8
754.41,5530,5417.8,5186,4928,4482.4,4067.4,3390.4,2559,1091.4,41.4
754.82,5484.4,5391.6,5146.6,4929.2,4540.4,4064.2,3422.8,2601.4,1141.4,44.4
755.22,5469,5422.2,5246.6,4901.4,4517.6,4086.8,3414.4,2605.4,1106.2,29.8
755.63,5401.6,5394.8,5278,4919.6,4532.4,4114,3442,2580.6,1077.2,16
756.03,5318.2,5311.6,5192.4,4853.2,4459.8,4049.4,3436,2544.8,1084.8,-9.6
756.44,5445,5354.8,5246,4951.8,4484,4054,3421.8,2581.8,1110,19.2
756.84,5399.8,5322,5184.2,4872.8,4488.4,4008.4,3417,2588.6,1083,9
757.25,5373,5328,5102.8,4871,4517,4051.8,3408.6,2593.4,1053.8,-2.2
757.65,5338.2,5330.8,5133.2,4851.8,4501.4,4022.8,3381,2573.4,1074.2,17.4
758.05,5335.6,5237.8,5075.4,4804.8,4439.6,4014.6,3355.4,2572.4,1050.8,17.4
758.46,5391.8,5248.8,5058,4764,4465,4045.8,3368.2,2544.8,1069.4,25.2
758.86,5358.2,5198.6,5109,4828.4,4435,3957,3359,2489.4,1082.6,5
759.26,5239.6,5216.8,5029.6,4765.4,4427.6,3926.2,3299.2,2531.6,1062,10
759.67,5313.2,5273.2,5000.4,4818,4361,3949.4,3358.8,2513.6,1088,16.4
760.07,5270.8,5121,4989,4747.6,4359.4,3938.8,3409.6,2526.4,1045.8,10.4
760.47,5287.4,5134.2,4959.8,4736.8,4298.4,3910.6,3296.8,2513.4,1108,-24.2
760.87,5251.8,5130.8,4996.2,4707.2,4316.8,3837,3304.8,2528.4,1060,-5.6
761.28,5210.4,5220.8,4980.2,4736.4,4345.8,3893.6,3333,2506.6,1118.2,0.2
761.68,5226,5182.8,5003,4704.8,4353.4,3819.6,3317.6,2506.4,1080,35.6
762.08,5226.2,5139.6,4978.2,4680.6,4369.2,3827.6,3299.4,2429.8,1058.4,9.8
762.48,5284,5164.8,4962,4747,4355.2,3879.4,3251.4,2474.4,1079.6,21
762.88,5182.6,5076.6,4955.6,4697.8,4293.8,3854.6,3287.4,2479,1074.4,-14.4
763.28,5105.4,5151.8,4948.2,4733.2,4330.2,3867.8,3260.4,2505.2,1077.4,21.2
763.68,5180.6,5122.6,4945.4,4731.4,4319.2,3852.6,3192.8,2466.8,1103.8,22
764.08,5211,5226,5022.4,4690.6,4280,3824.8,3214.8,2486.8,1095,22
764.48,5168.6,5158.6,5011.4,4699.6,4281.8,3845.2,3223.8,2482.6,1052,11.8
764.88,5138.8,5153.8,4936.4,4705.6,4240.4,3867.8,3251,2456.2,1058.2,-2.6
765.28,5175,5094.4,4916.8,4722,4321.4,3788,3313.2,2499,1071.6,-7.2
765.68,5152.6,5120.8,4925.6,4624.6,4304,3823.2,3234.6,2465.6,1043.2,-8.4
766.08,5081.6,5026,4878.2,4579.6,4235.8,3761.2,3249.8,2494.4,1046.6,33.2
766.48,5099.6,5098.2,4930.2,4602.6,4234,3777.2,3250.6,2461.4,1030.6,-11.4
766.88,5092.8,5106.6,4848.2,4545,4223.2,3790.2,3252,2401.2,1032.4,-32.2
767.28,5043,5040,4811.2,4553.8,4172.6,3789.4,3187.6,2391,1053.2,40.4
767.68,5039.8,4962.8,4811,4512.8,4204.4,3734.6,3155.6,2386,1013,-24
768.07,5049.6,5029.4,4756.6,4536.8,4169.6,3756,3129.6,2397,1009.6,-12.8
768.47,4988.4,5000,4794.2,4575.8,4132.4,3729.2,3195.2,2433.6,1021.6,19.8
768.87,4960.4,4951.6,4822.8,4535.4,4214.6,3748,3180.4,2439.2,1051.4,-12.6
769.27,4983.2,4943.8,4756,4502.6,4177,3718,3169.2,2434.4,1038.6,-1.2
769.66,4987.8,4992.4,4741,4492.4,4176.8,3683.2,3177.8,2402.8,971.8,-14.6
770.06,4953.6,4913.6,4740,4470.8,4103.8,3640.4,3150.8,2375.2,1025.8,2.6
770.46,5015.2,5004.2,4718.4,4470.8,4122.8,3717.4,3178.4,2373,1027,-47.6
770.86,4904.6,4912.2,4693,4450.8,4064.8,3600.4,3204.8,2294.2,1061,-6.8
771.25,4932.4,4939.6,4709.2,4409.6,4087.8,3650,3139.8,2366,994.2,6.4
771.65,4942,4903.2,4680.8,4442,4110.8,3691,3126.6,2366.6,1002.8,13.2
772.04,4896,4874,4648,4407.2,4093.2,3656.4,3009.2,2362.8,978.4,24.6
772.44,4869.8,4918.8,4644.6,4368,4066.2,3610.6,3037,2318.2,1006.2,4.8
772.84,4890,4881.6,4687.6,4325.2,4058.2,3678.4,3132.6,2300.4,981,-21.4
773.23,4799.2,4813.6,4645,4369.6,4019,3637,3127.8,2306.4,1041.2,-1.2
773.63,4790.8,4770.2,4617.2,4407.6,4015.8,3563,3110.6,2291.2,996.8,-35.2
774.02,4839.4,4755.4,4625,4366.6,3998.6,3593.4,3001.8,2392,1030.6,-15.2
774.42,4839,4802.4,4632.4,4376.2,3972.4,3669.8,3082.6,2358,1029.4,-16
774.81,4817.2,4794.6,4649,4279.6,3952,3557.2,3071.8,2359.2,992.2,-37.2
775.21,4774.6,4714.8,4584,4293,3913.2,3574.2,3017.6,2344.8,988.4,8.2
775.6,4801.6,4759.6,4532.2,4354.6,3973,3615.6,3083.8,2339.2,980.6,-24.4
775.99,4777.6,4710.6,4610.2,4334.8,3990.2,3571.4,3055.2,2318.4,980.2,-11.6
776.39,4786.6,4746.2,4600.6,4305.4,3899.6,3616.4,3067,2299,999.2,5.8
776.78,4745.6,4740.6,4526.4,4274.8,3899,3549.4,2960.8,2236.2,964.2,12.6
777.18,4729.2,4678.8,4525.8,4281.4,4000.6,3537,3020.8,2283.2,940.4,7.4
777.57,4754.8,4614.2,4461.2,4292.6,3983,3572.4,3040.4,2340.8,1005.8,5.6
777.96,4786.4,4692.2,4519.2,4289.2,3966,3517.8,3089.4,2286.6,988.8,-8.2
778.35,4812.8,4690.8,4577.8,4224.8,3864.4,3523,3051,2261,1009.4,44.4
778.75,4799.6,4695.4,4564,4287.2,3901.2,3525,3009.8,2214.2,1017.8,-14.6
779.14,4739.2,4632,4489.2,4298.4,3920.4,3503.4,2989.4,2236.8,932,7.6
779.53,4652.2,4590.8,4483.4,4276,3948.2,3496.6,2973.6,2249.6,971.8,24
779.92,4626,4593.4,4473.6,4222.8,3913.8,3544.4,3028.8,2274.2,977.4,-2.4
780.31,4618.6,4616,4438.4,4203,3859.8,3512.8,3035.2,2215,963.8,20.4
780.71,4619.2,4575,4440.2,4188.4,3860.2,3562.8,2987,2240.4,960.6,-14.6
781.1,4615.6,4602.6,4437.2,4154.6,3838.4,3537.8,2974.6,2207.8,974,25
781.49,4661.8,4591.4,4412.2,4211.4,3880.2,3458.6,2974.4,2187.6,986.8,8.8
781.88,4737.2,4580.2,4466.6,4213,3826.6,3477.6,2970.2,2203.2,980.4,-3.4
782.27,4738.2,4566.2,4440.6,4194.2,3864.8,3456.2,3000.6,2250.2,990.6,35.8
782.66,4612.6,4499.2,4457.8,4128,3851.2,3465.2,2986.2,2206.4,976.6,-1.2
783.05,4555.6,4557,4363.2,4162.8,3838,3451.8,2975.6,2238.6,955.4,-10.8
783.44,4585,4576.2,4399.2,4150,3767.6,3440.2,2960.6,2228.8,946,-15.4
783.83,4640,4609.4,4381.8,4119.6,3802.6,3424.4,2956.6,2214.6,944,-34
784.22,4629.8,4641.6,4436,4146.2,3806.6,3441.2,2982.4,2243,993.2,16.8
784.61,4596.8,4560.4,4451.2,4150.2,3812.4,3429.4,2944.8,2205.8,926.6,-0.6
785,4583.8,4629.4,4395.2,4202.8,3792.6,3476.2,2948.6,2216.2,913.2,25
785.39,4531.6,4563,4312,4125.6,3771.6,3387.6,2919,2219.8,942.6,10.8
785.78,4570.6,4558.8,4432.2,4171.8,3780.4,3374.4,2920.4,2189.6,989,6
786.16,4508.4,4507.2,4382.8,4161.2,3838.2,3393.4,2893.4,2245.6,948.4,-24.2
786.55,4525.6,4457.2,4417.4,4167,3819.4,3410,2927.6,2243.4,949,10.6
786.94,4613,4528.4,4411,4166.2,3828.2,3409.4,2973.6,2207.4,946.4,19.4
787.33,4588.6,4515,4320,4127.2,3806.2,3399.8,2939.2,2217.6,930.4,7
787.72,4593,4493,4332.2,4147.2,3843.4,3382.8,2890.4,2186,894.2,26.6
788.1,4546,4442,4292.8,4110.6,3834.8,3403.8,2866.8,2232.8,908.6,30.8
788.49,4501.6,4491,4270.6,4091.4,3784.6,3377.8,2914.8,2151.6,933.8,7.4
788.88,4568.2,4432.6,4246.4,4063,3796.6,3443.2,2849,2187.8,919.4,-0.2
789.26,4545,4482.4,4270,4068.8,3837.6,3395.8,2845.8,2167,978.6,27.4
789.65,4443.2,4417,4245.6,4077,3777.4,3385.4,2872.8,2188.6,939.4,8.2
790.04,4483.6,4419.8,4237.4,4058,3745.2,3391.8,2785.2,2217.6,933,12.6
790.42,4418.4,4410,4228.8,4080,3757.2,3387.8,2865.2,2171,986.4,3
790.81,4395.8,4363.6,4294.4,4128.4,3767.6,3421.2,2883.8,2157.2,936.8,12.2
791.19,4482.2,4463.2,4309.8,4052,3792.8,3387.8,2893.8,2169.6,934.2,-9.6
791.58,4458.2,4455.2,4323,4039,3808.2,3400.2,2873,2184.6,969.6,-3.4
791.97,4462.8,4340.2,4284.2,4045.6,3788,3417,2869.4,2232,942.8,-25
792.35,4398,4371.6,4207.4,4035.6,3774,3393.6,2876.2,2208.2,928,11.4
792.74,4424.6,4383.6,4283.6,3994.4,3735.6,3372,2900.2,2172.2,902,17.6
793.12,4430.4,4368.2,4243.4,4014.4,3734.4,3385.4,2861.6,2194.2,907.2,-5
793.5,4361.4,4290.6,4269.8,4040.8,3723,3351.2,2868.4,2170.8,931.2,0.6
793.89,4362.4,4355.2,4252.8,4023.4,3732.2,3407.6,2887.4,2167,938.8,23.2
794.27,4401.8,4311,4217.8,3988.8,3717.2,3360.6,2836.6,2187.2,930.2,-3.8
794.66,4370.8,4335.4,4219,3972.4,3682.8,3348,2847.2,2172.2,921.6,44.2
795.04,4337.8,4349.8,4252.8,3987.4,3686.4,3323.2,2901.8,2215.2,918,36.6
795.42,4363,4372.8,4281.2,3984.2,3676,3371.4,2842.2,2252,979.2,40.2
795.81,4367.8,4317.6,4240,3950.2,3684.4,3407.4,2811.6,2195,918.6,-13
796.19,4392.2,4300.8,4205.4,3931.8,3662.6,3362,2818.8,2169,938,22
796.57,4413.8,4353.4,4238.2,3924.4,3701,3346,2847,2202.2,897.6,-4.8
796.96,4424,4370,4221.8,3908,3697.4,3309.4,2860,2166,915.4,4.4
797.34,4376.8,4335.2,4215,3961.2,3714.2,3316,2863,2139,886.8,34.2
797.72,4416,4321.2,4228.6,3926,3665.4,3322.8,2826.2,2196.2,891.4,-4.4
798.1,4339,4330.8,4165.2,3910,3691.6,3337.8,2787.4,2165.2,922.4,29.8
798.48,4330.2,4371.6,4246.8,3956.4,3707.8,3345.6,2891.2,2202.4,922.8,27
798.86,4355.8,4313.8,4160.8,3974,3672.2,3356.8,2813.8,2245.2,910.2,2.4
799.25,4314.6,4344.6,4184,3962.8,3661.4,3330.8,2766.4,2209.2,889,41
799.63,4327.6,4291.4,4175.6,3920.6,3658.6,3308.2,2796.8,2142.6,939.2,-3.6
800.01,4328,4339.8,4120.6,3958,3675,3273.6,2835.8,2117.2,947,-24.6
800.39,4282,4249.4,4180,3964.8,3654.2,3327,2828.2,2134,951.6,-23.6
800.77,4266.8,4225.2,4176.4,3932.2,3641,3312,2793.6,2152.2,929,23
801.15,4308.8,4305.4,4131.4,3944.8,3646.4,3286.4,2831.6,2164,924.8,-6
801.53,4289.2,4311.6,4138,3967.8,3640.4,3239.4,2792.6,2180,926,-34
801.91,4259.4,4255.6,4104.6,3897,3613.6,3254.4,2898.2,2134.2,947.6,-10
802.29,4323.6,4325,4186,3980.2,3641,3307.8,2858.6,2147.8,904.8,12.2
802.67,4260.2,4338.8,4115.4,3970.6,3639.8,3309.6,2832,2179.8,930.8,40.4
803.05,4238.6,4234.8,4112.4,3962.6,3696,3296.2,2843,2168.6,910.2,27.4
803.43,4257.2,4260,4134.6,4004.8,3654.8,3279,2843.4,2187.8,921.2,11.2
803.8,4273.8,4267.4,4132.4,3976.6,3670.2,3341.2,2804.6,2150.4,942.2,32
804.18,4275.2,4256.2,4178.4,4031,3732.6,3337.4,2797.6,2158.4,922.4,-15.2
804.56,4288.4,4294.8,4176.6,3988.6,3711.4,3348.2,2799.8,2197.4,930.8,4.6
804.94,4337.2,4249,4175.6,3924.2,3685.6,3309,2820.8,2179.2,941.6,31
805.32,4287.6,4309.2,4167.6,3944.2,3666.8,3321,2803.6,2219,904.6,1.2
805.69,4232.8,4154.2,4090,3842,3669.4,3375.8,2795.2,2185.8,933.6,9.4
806.07,4204,4158.2,4086.2,3891,3692.2,3304.2,2817.8,2115.6,917.4,-10.4
806.45,4245.6,4179.4,4069.2,3887,3668.8,3325.6,2797.4,2136.8,921.8,-24.2
806.83,4202.4,4202.8,4128.8,3904.6,3633.8,3285.6,2832.8,2175.6,908,-13.6
807.2,4210.6,4247.4,4094.2,3864.8,3674.8,3266,2797.4,2185.8,920,33.2
807.58,4254.4,4294,4139.8,3928,3623,3251.6,2820.4,2161.4,915.6,0.8
807.96,4261.8,4220.8,4132.2,3832.6,3634.4,3323.6,2829.2,2114.2,908.8,19
808.33,4300,4280.6,4105.4,3885.6,3608,3257.4,2808,2126,904.8,1.2
808.71,4320.8,4269,4070,3926.8,3654.6,3309.4,2811.4,2193.2,935.8,31.2
809.08,4267.8,4281.8,4179.2,3944.2,3634.8,3258.2,2827,2147,932,-3.2
809.46,4267.8,4223.2,4106.2,3941.8,3616.6,3222,2845.8,2108,931.6,-46.2
809.83,4221,4200.8,4072,3962.8,3623,3274.2,2862.8,2151.6,905,19.6
810.21,4244,4196.8,4118.8,3915.2,3606,3296.2,2795.2,2108,937.2,-6.2
810.58,4247.2,4229.2,4074.8,3895,3645.4,3250.6,2809.2,2092.8,919.2,-4.6
810.96,4262.4,4262.8,4062,3886.8,3631,3256.4,2806.8,2158.6,953.2,-3
811.33,4180,4257,4111.6,3906.2,3588.4,3227.8,2807.8,2129.8,947,-19.2
811.71,4202.6,4253.6,4032.4,3839.6,3633.4,3244,2800,2162.2,876.4,1.2
812.08,4240.8,4253.6,4143.2,3878.2,3624,3285.6,2844,2189.8,906.2,-9.4
812.46,4275.8,4236.2,4118.6,3925,3602.8,3335.4,2837,2172.6,944.8,20
812.83,4315,4224.4,4070.8,3891.6,3646.8,3352.2,2799,2204.2,978.2,21.4
813.2,4297.4,4189.6,4101.4,3917.6,3655.4,3269.4,2836.4,2186.2,972.8,44.4
813.58,4205.4,4198.4,4083,3947,3675,3302,2817.2,2229.4,948.8,45
813.95,4200,4198.2,4089.4,3883,3687.2,3300.4,2781.2,2128.2,892.4,17.6
814.32,4158.8,4197,4206.8,3966.8,3747.4,3293,2850.2,2163.2,918.6,-7.2
814.69,4144.4,4150.2,4147.8,3863,3694,3335.6,2872.8,2193.4,915.6,0.4
815.07,4191.8,4248.6,4083.8,3915.4,3659.2,3273.6,2846.8,2190,871.2,14.8
815.44,4221.8,4172.4,4070.8,3918.4,3684.4,3299.2,2837.2,2146.8,914.6,17.2
815.81,4193.6,4230.8,4057.6,3907,3687.8,3315.4,2778.4,2177.6,931,10.4
816.18,4204.4,4296.8,4115.4,3844,3662.4,3320.2,2843.8,2183.4,946.8,-5.4
816.55,4217.6,4279.6,4089.4,3872.6,3653,3372,2828,2183.6,926.4,-12.6
816.92,4213.4,4216.4,4118,3869.6,3652.8,3357.2,2799,2168.2,933.6,44
817.29,4246,4155.8,4125.4,3877,3621.4,3355,2857.8,2166,929,7.6
817.67,4211,4177.4,4068,3893.8,3691,3349.2,2956.6,2238.6,964,29.6
818.04,4201.8,4153.4,4119.2,3915,3650,3365.8,2878.4,2261.6,956.6,6.8
818.41,4152.6,4096.6,4056,3880.4,3668.4,3337.2,2886.6,2211.6,953.8,41
818.78,4205,4109.6,4076.4,3915.2,3631.4,3293.4,2905.6,2216.4,917.6,21.4
819.15,4200.6,4144.4,4105.6,3964.4,3657.4,3274.2,2912.2,2215.2,973.2,24.6
819.52,4182.6,4217.8,4146.2,3897.4,3587.4,3273,2897.2,2207.8,945.2,-11.4
819.89,4181.8,4128.2,4129,3853.2,3565.8,3286.6,2877.8,2194.6,928.6,12
820.26,4162,4203.4,4121,3983.8,3643.2,3295.4,2904.4,2177,937.8,-20.2
820.62,4147,4188,4102,3912,3658.4,3258.2,2897.6,2170.6,947,17.2
820.99,4206.6,4234.2,4052.6,3906,3652.6,3260.2,2858.2,2176.2,928,-15.2
821.36,4237.8,4247.4,4054.6,3831.2,3677.8,3387,2880.8,2200.6,906.8,28.2
821.73,4139.4,4174,4179.2,3891.6,3658.8,3383.6,2879.2,2223.6,896.8,17.8