wave leght [nm]\ AOI [dig],0,5,10,15,20,25,30,35,40,45,50,55,60,65
348.69,2.8,14,19,-0.6,10.4,20.2,-16.8,9.2,26.8,28.6,11.2,20.6,-3.4,-3.8
349.27,14,-25.6,-7.8,-32.2,17.8,-6.8,-10.8,3,18.6,22.8,10,20.4,25.4,1.8
349.84,-30.6,-10.6,-1.6,-29,23.6,-7.2,-21.8,25.4,-1.6,12.6,11,13.6,16,6.8
350.42,12,8.2,4.8,23.8,-11.6,-10.2,-37.6,31.8,-32.8,46.2,1.4,-20.8,13.8,-5.2
351,2,-4.4,26,0.8,-36.4,11.4,-4.6,23,-8.4,-5.4,-14.2,8.4,1.4,-3.4
351.57,-38,-1.2,13.4,5.8,33.2,-11,-13.8,-1.4,4.2,3,39,1.4,30.2,4.8
352.15,-29.8,10.2,6,-1.4,22,-11.4,3.2,14.6,-15.6,11,31.8,-26.6,-8.6,12.2
352.73,-10.2,-2.4,0.8,-6.4,20,-6.8,12.6,-10.6,8.8,-9,-12.2,-4.6,21.6,14.8
353.3,-29.6,3.6,-15,-9.2,5.4,24.8,1.4,5.6,-4.8,29,60.2,-18.6,-4.4,7.8
353.88,-12.2,-31.6,-2.4,-12,-25.6,-0.4,23.8,-7,-44.2,-26.4,-0.6,39.2,-2.4,-38
354.45,15.8,-22,-0.6,-5.4,0.4,-10.2,9.4,-17.8,6.2,-9.8,-11.2,36,-22,5.2
355.03,0.2,18.4,7.2,-16.8,7.2,27.4,-25.8,-30.8,24,-3,-33.6,-8.4,10.2,-30.8
355.6,3,20.8,-15.2,-18,-31.8,-17.2,-25.2,-5,-18.2,-13.8,-18.4,22.4,9.8,-34.4
356.18,-2.2,30.6,-5.6,-14.4,8.2,23.2,-2.8,-29.4,1.8,24.2,-27.8,-14.6,32,22
356.75,17,4.8,-10.4,-8,1.8,8.2,-10,-29.6,0.4,-2.2,5.8,4,-5,-43
357.33,-13.4,15.6,-7.8,3.4,9,3.4,-22.4,-4.4,31.2,9.8,32.6,4.2,-15.8,1.6
357.9,-37,-14.4,-3,-19.2,6,-1,-4.2,-22.6,10.4,-13.2,31.8,6.2,-28,21.6
358.47,-3.6,-22.2,-1.8,-13.8,14.4,-22.4,-18,-8.4,-43.4,10,28.4,2,10.8,19
359.05,40.8,-10.8,10,11.4,-9.6,-15.6,-14.6,3,-11.2,-14.2,18,-14.6,3.8,8.4
359.62,43.4,-13.8,-13.6,-11.8,29.2,-24.6,-28.6,-29,-10,-11.4,-5.4,16.6,9.4,-58.2
360.19,9.2,-11.8,-16,-12.8,-20.6,-41,-14.6,-5.2,-28.2,-30.6,-8.6,9,-2.4,-26.6
360.77,-33.6,-32,8.2,-22.4,21.4,-20.6,-10.2,20.4,-43.4,25.4,-1,12.8,-0.2,4.4
361.34,19.8,-11.8,-32.8,-12.2,32,-27.6,-20.4,-4.6,-27.2,15.6,-19,16.2,-3.6,-30.2
361.91,2.8,-16.8,-26.2,15.8,19.8,4.2,29.4,-4,33.2,15.8,-67,-58,9,-35.6
362.49,-8.2,-9,22.6,6.4,-13.6,-5.6,-14.4,-6.8,27.8,16,-25.8,13.6,-8.8,33.8
363.06,-24,-3.2,24.2,33.4,-7.2,30.2,5,0.4,37.4,-0.6,-11.4,11.4,-22.2,3
363.63,-12.8,25.8,-13.6,26,-13,-31.6,-1.4,43.4,-9,-6.4,13.2,3.2,0,20.4
364.2,-10.6,9,13.6,-2.2,-23.4,22.6,8.8,-12.8,24.2,32.2,16.2,7.2,3,-5.4
364.77,6.2,9.4,31.4,1.4,9.8,1.4,-6,7.6,26.2,-3.8,-8.8,-42.6,-18.4,-3.8
365.34,-9,-6.2,-27.2,10.4,-7.4,-0.8,-16.2,-36.4,-2.4,-27.6,-28.8,0.6,-21.4,-19.8
365.92,17,19,-0.6,-11.4,15.8,11.6,4,-50.2,-10,-16.8,6,6.4,-1,-18.8
366.49,6.4,-22,-2.8,-4.8,10.6,-21.2,12.4,-6,-6.8,21,8.8,10.8,-43.4,10
367.06,7.2,42.8,-28.8,-13.6,24.2,24.6,18,-30.2,7.4,30.4,-11.8,-4.4,6.8,-19.4
367.63,2,9.6,-13.2,16,46.8,19.4,-43.4,-32.4,4.4,8.6,7,39,-15.4,-18.6
368.2,2.2,-26.2,-1.6,8.8,-12.6,30.6,-10.4,-14.8,9.2,6,9.4,13.8,-23.6,-7.8
368.77,14.6,-44.2,3.2,-12.6,17,-2.2,-12,-10.6,15.8,29.6,7.6,-37.4,-0.4,-7.2
369.34,5.6,-17.2,-0.6,-21.2,8.4,14.6,6.8,-1.8,-12.8,-14.8,2.2,24,10.8,-5.6
369.91,-16.2,6,7.6,-27.2,2.6,19.6,18.2,-13.4,31.4,10.4,-5.6,6.2,6.6,-13.8
370.48,1.6,26.2,20.8,-36.2,10,-7.8,2.6,19.4,-26.4,18.6,-30.8,-20.8,40.8,-5
371.05,-21.4,-2.2,10.6,-30.4,4.6,3.6,-4.4,26.4,-6,36.2,-57,-13.2,0.6,11.2
371.62,10,-27.2,-23,5.4,-11.8,5.2,-6.2,40.4,7.8,3.4,19.2,6.6,-14.6,12.6
372.19,36,-2,-3.2,4.2,-23.6,-19.8,21.4,42.4,0.4,6.2,-23.2,-4.2,2.4,0.6
372.75,-39.2,1.2,-17.6,-2.2,13.4,-6,38,5.4,-14.6,-36.2,9,-0.6,-6.8,8.8
373.32,15,-2.6,-20,-18.6,9,-23,5.8,6.4,11.4,-39.2,8.8,2.4,25.4,3.8
373.89,23.4,-4.6,12.6,2.8,-1.6,-26.4,-3.8,15,-17.6,-19.4,6.2,22.8,-7,10.6
374.46,37.4,21.4,-47,-33,-28.8,12.8,-5.4,1.8,9.2,-12.2,-8.2,23.2,-30.2,-1
375.03,-16.8,46.6,-12.4,19.2,34.4,-21,-1.2,-22.6,-19.4,-1.8,13.4,27.4,-53.6,-2.4
375.59,-6.2,7.8,-9.4,-9,-13.2,17.2,-12.2,27.4,-12.6,-17,15.4,-4.4,-14,5
376.16,-18.4,-0.4,-11.8,-14.2,-0.8,27.4,-4.6,-8.2,-4.8,14,-23.4,-14.2,-24.6,-20.8
376.73,16.6,-21,14.4,-6.6,9.4,29.8,15.2,-8,-16.8,1,-7.4,-15.4,16,13.4
377.3,11.2,-4.6,-29.2,-3.2,36.2,-30.8,25.2,-0.6,8,-20.8,3.8,-9.6,11.4,19.8
377.86,-1.6,-14.4,-17.4,-25.2,25.8,11,15,25.8,-6,-7.6,13.4,-12,-13.4,-16.4
378.43,9.6,-16.2,15,33.2,11.4,-2.2,-10,12.4,-3.6,0,7,-17.4,-49.8,1.2
379,28.4,-1.8,23.2,27.4,-13.6,6.2,-5.8,2.8,-6.6,-34,-10.6,6.4,18.6,-3.6
379.56,20.6,28.4,4.4,-11.4,17.6,-3.6,-11.2,-25.6,-12.4,10,-13.6,4.6,-14.4,28.4
380.13,2.8,21.8,24.8,-18.8,2,24.2,-34,-41.6,8.6,-10.4,18,-5.8,-7,-0.2
380.69,23.6,5.6,5.2,-3.6,-1.6,34.6,-14.2,3.2,-34.6,-32.4,12.6,-31.4,36.4,-8
381.26,-3.8,27.4,5.8,-30.4,4,38.2,-15.8,16.4,-27,14,-22.8,-25.6,10,2.4
381.83,21.8,15,15.8,-10,15.6,6.8,-13.6,-1,-20,-10.2,11.6,-14.6,-17.8,10.8
382.39,1.6,14.4,-16.6,-22.6,12.8,-2,-27.8,8.6,0.2,27.2,-2.6,-25.2,-25.4,19.2
382.96,2.6,1,-3.8,27.8,22.2,-3.2,-28.4,24.8,12.4,-21.2,30.4,15.4,-0.2,36.2
383.52,24.8,-17.6,-12.8,15.6,31.4,-3.2,-23,-8.8,-23.8,-0.4,0.8,26.6,30.2,8.2
384.09,38.8,4.8,3.8,-4,38.2,-10.4,-29,21.2,-23.4,-65.4,20.6,33.8,-6.8,23.2
384.65,4.8,1.6,19,-18.6,13.6,6,-12,-22.8,-39.2,14.4,35.4,-10.6,36.2,-25
385.21,-23.8,13.8,21,-33.6,13,-6,-9,-25.8,-13.6,-0.2,-3.2,-19.2,2.4,12.2
385.78,-12.6,-8,16.4,2,44.8,9.4,-26.2,2,-2.4,9.4,7.4,8.4,-5.8,30
386.34,4.8,-8.2,24.6,-12.6,23,-8.4,-21,-1.4,-4,0.4,-11.4,-8.8,7.2,18.2
386.91,16.6,8.6,25.8,-1.6,-9,25,10.4,34.4,-39.6,-11,23,-8.8,9.6,5.4
387.47,15.6,-13.4,29.8,28.2,11.2,15,-4.4,-13,2.2,-45.2,-2.2,12.2,2,-19.2
388.03,11.4,28.4,19.8,36.6,-9.6,-5.8,-0.8,-8.6,-33,9.2,4,15,4.4,-6.8
388.6,39.8,15.6,51.2,4,24,-24.8,-11.2,-12,19.2,-2.4,19.6,-10,14.2,-36
389.16,23.2,31.4,27.2,-17.8,23,-27.2,0,21.6,-16.2,27.6,-41.8,-45.6,17.4,5.8
389.72,30,-33.2,1,-21.6,0.4,-34.2,-13,7.8,-12,8,-17.4,-7,15.4,5.4
390.28,2,-6.6,1.4,-12.2,-7.8,-38.8,19.4,-19,4.2,-3.8,25.2,19.2,37.6,12.8
390.85,52.4,-14.4,-13.6,-18.8,-10.4,17.8,7.2,9.8,2.6,-18.4,33.4,-11.8,28.8,27.2
391.41,25.8,17,21.6,-19.8,2.4,27.4,-13.2,-46,-24,10.4,-2.2,-29.8,-22.6,17
391.97,-1.2,45.2,4.2,-37.8,2.2,-32.6,-16,14.8,5.4,-7.2,-22.6,-3.4,12,2.2
392.53,1.4,1,5.6,7,0.4,-2.8,-39.4,25,-0.2,-13.2,-1.4,-15.8,5,25
393.09,-20.6,-13.2,-13.6,-40,-7.8,-2.8,-26.2,15.8,-23.8,29.2,-12.8,-2.6,-17.6,19
393.65,3.4,-10.2,10.2,43.2,-32.6,-19,-22,-11.8,39.6,21.6,-21,-0.6,7,0.2
394.21,-14.6,22.2,31.6,-9.4,14,-4.6,5.6,14,6.6,-2.8,6,38.8,7.2,-34
394.77,-20,18.4,-30.8,-3.2,45.8,10,1.6,-9.6,-16.6,2.8,-24.6,-2,6.6,1.2
395.34,-23.6,4,-11,3.6,48.2,-7,-8,-17.2,-1.8,8.8,-12,17.4,13,15.6
395.9,8.2,-12.2,2,9.8,6,-36,-9,29.2,-17.6,-2.4,6.6,10.4,-19,25.2
396.46,-15.2,-48.4,-25.6,5,30.6,0.4,-1.2,-21,13.8,-11.4,-4.6,1,7.6,13.8
397.02,18.4,-3.2,-11.4,-11.8,17.2,-1.4,-10.4,-5.8,-1.6,-4.6,13.6,-42.8,24.8,-23.6
397.58,17.8,-8.6,-1.8,4.8,45.4,13,1.8,-3.8,-16.6,-7,26.4,3.8,-5.6,2.2
398.13,10.4,9.6,-2,14.4,8,26.2,-7.4,6.2,-21.2,-7.8,6.6,-3.4,3.6,-12.8
398.69,-0.6,-35.2,21,-14.4,16.2,-22.4,26.2,-12.6,-9,-14.8,0.6,-14.6,-23.8,4.6
399.25,3.4,-5.8,-20.6,19.2,17.8,-5.8,9.4,3.8,27.8,-6.2,34.6,20.4,-1.4,13.6
399.81,6.4,-18.2,-14.6,17.4,15.6,-6.6,1.4,19.2,-2.4,-3.6,8.2,-23.4,10.8,5.8
400.37,19.2,-26.8,28,8.8,20.2,-26.6,-26.2,5.8,-6.8,-6,-12,-8.6,-0.6,-18.8
400.93,-24.8,-26.8,22.6,-42,-16,-5.6,-30.8,-12.2,22,13.6,16.6,-8.4,3,7.8
401.49,10.6,-18.8,-5.8,-37.6,-28.8,5.6,39.8,-46,-13,-19.8,-7.4,12.8,6,-20
402.05,5.8,11.8,3.4,20,-4.2,9.8,22.2,-27.2,-8.2,10.6,19.6,1.4,28.8,-2.2
402.6,-9,15,-11,20.6,-5.2,-24.6,20.8,3.4,-14.6,6.4,2.8,-5.2,19.6,22.8
403.16,-44.6,14.4,-7.2,7.8,-24.4,-33.6,11.4,4.4,30.8,17.4,-5.4,17,23.2,13.8
403.72,71,11.2,-3.4,-13.4,-8.2,18.6,0.6,-6.2,23.4,19.2,28.6,-45.4,27.4,-44.8
404.28,-20.2,27.6,-19,-19.4,-17.6,-21,24.4,-2.2,-26.6,17,-6.4,0.6,18.2,-28.4
404.83,27.2,10.4,29.6,28.6,32.8,-53.4,-26,-21.4,-15.6,-41.8,10.6,-7.6,-0.2,-17.4
405.39,3.8,27,-9.6,-8.2,13.8,-24.4,-10.4,-2.2,51.2,-1.4,-6.4,-20.8,-3.8,7.4
405.95,7.8,9,15.2,-10.4,25.2,-15.8,16,-19.2,-9.6,19.2,-34.2,-39.8,6.8,1.2
406.5,-2.2,-23.4,28.2,-27.4,17.8,-9.2,2.2,6.2,-35.4,14,-12.4,21.2,-36.4,8.6
407.06,-18,4.4,-14.8,-27.6,-12.4,-16.8,-13.2,24.8,-16.2,-8.6,-4.8,-24.4,-8.2,14.4
407.61,1.2,39.8,6.8,15.2,1,8.6,-17,-27.6,-42.8,-6.2,-50.6,-2.8,5.6,1.4
408.17,-6.2,12,-24.2,-24,-36.6,-6.8,5.8,0,-13.6,-19.2,-15.2,5.2,8.6,-11.6
408.73,6.2,-3,6.2,17.6,18,-24.4,-3,-6.2,-18.4,33.4,-22.2,-21.8,26.4,8.8
409.28,11,-10.8,1,-14,-30.2,12.6,-32,-32.8,0.4,19,-28.8,-12.4,-12,-9.8
409.84,-3.6,-6.2,10.4,-25.4,-13.4,13.2,-32.6,15.2,2,18.4,0.2,-33.8,-1.2,-19.2
410.39,2,-4.6,33.8,7.2,35.8,2.6,32.4,-1,25,-40.4,-15,-14.6,-25.2,-22.6
410.95,-18,-1.4,5,9.2,30.6,3,-14.6,20.6,3,7,37.6,-17,19.6,-37.6
411.5,7.6,-1.4,-12.2,-7.6,6.8,3,0,45.4,2.6,13.4,31.6,-24.2,19.6,-12
412.06,-15.4,12,-1.8,-24.6,9.6,11.2,15.6,18.6,71.2,4.2,14,1,-17.6,24.4
412.61,-30.8,-1.8,-7.8,-11.8,0.4,5.2,-19.4,-38.4,-21,-4,-1.6,1,-41.6,6.8
413.16,-9.6,2.4,-8.8,-3,-3.4,3.8,-4.2,16,-11.6,-24.6,-10.2,8.6,3.4,3.8
413.72,11.8,-22.6,-25,-15,7.2,-37,7,17.2,5,-33.6,-14.2,30.8,22,18.6
414.27,28,12.2,0.6,10,13.6,5.4,7.6,30.4,-11,26.6,-18,9.2,15.8,-18.4
414.82,-12.8,16.8,7,14.2,52.6,-27.4,17.2,-30.4,-2.8,-7,-21.8,1,6.6,-24.6
415.38,1.2,16.8,-4.4,1.6,1,12.6,-7.8,-41.8,8,31.6,-13.8,-14,-30.4,-43.8
415.93,-17.8,7.8,1.6,30.2,10.6,-16.6,-11.6,-2.6,14.8,0.4,-8.2,16.4,-4.2,-27.8
416.48,-4.2,-56,30,1.4,-10.8,10.8,-19.8,5.6,2.2,9,-11.2,-28,-13.2,-21.6
417.04,-15,-4,18.8,-1.8,-12.8,5.8,-0.4,-17.2,-29,-0.2,13.4,-8,-26.6,-12
417.59,7.2,-27.6,-20.2,-21.2,15,1.8,-22.2,-16.4,2.4,-13,0,-5.6,-10.8,17
418.14,4.2,27.6,-1.4,-2.8,8.8,-16.6,0.6,14,-38.6,2.8,-25.2,-22.4,-14,-14.8
418.69,7.2,36,-14,-21.6,31.4,29.8,10.6,-4.4,16.4,2.6,13,-12.6,-10,-28.8
419.24,-5.4,13.2,-7.4,21.2,51.6,-8,-5.6,-9.8,16.8,-36.6,-11.6,-8.4,11.8,-12.2
419.79,-15.8,0.4,6.8,18.8,-8,-3.6,-9.6,-16.6,21.6,-12,7.6,26.2,37.2,-37.8
420.35,-11,2,-14,-5.8,4.8,7.6,-1.4,-26.2,38.8,0.4,18.2,24.6,-12.6,3.4
420.9,18.4,8,-20.6,-12.8,0,14.2,13,-5.2,35.2,-44.6,2.2,-3.2,21,-15.6
421.45,-18.6,8.4,-6,-21.6,12,45.6,-1.6,-35.6,-12,14.6,-11.2,1.6,36,2.8
422,-12,15,-22.6,6.4,26.2,2.8,3.4,15.2,29,13.4,-11.6,-12.2,27.4,-9.2
422.55,-2.4,34,-15.8,14.4,-38.2,0,-3.4,4.2,22,-1,-9.2,-13.2,7.6,-26
423.1,-19.8,10.4,-6.2,-12,-13.4,34.8,24,-1.4,-19.8,24.8,-31,-2.4,26.2,10.8
423.65,24.2,-24.2,12.2,28.2,27.8,5.6,-21.4,-20.2,-7,-2,-17.6,31.2,-27.2,26.4
424.2,9.8,36,-8.4,-13.2,7.2,-27.2,-14.4,-33.8,8.8,-58,10.6,-18.6,0.8,1.8
424.75,36.6,5.4,13.6,-25.4,10.8,-15.8,-15,10.6,34.4,-18,-14,-17.2,-5,15.2
425.3,28.6,-5.4,-3.4,2.2,16.2,-39,2.6,-8.4,-12.8,6.8,-32.4,-0.4,18.8,25.8
425.85,6.4,-25,10.4,-1.4,19.2,-9.6,10.8,0.4,0.4,-13.6,-32.4,13.2,-14.6,4.6
426.4,3.2,-17.6,15.8,-29,2.2,11.4,15.4,14,-34.8,-8.2,6,25.6,24.6,-22.2
426.95,-1.4,-8.2,-1.4,19.8,21.2,18.4,8,3.6,-5.4,42.6,-23.6,13.6,-15,-0.4
427.49,19.8,-7.6,8.2,5.6,11.6,-9.8,-0.6,-20.2,3,5.4,-30.6,23.8,11,6.6
428.04,8.2,19.2,-9.2,5.8,6.8,28,15.2,-15.6,-24.4,-25.2,-42.4,22.8,-6,-29.6
428.59,-6.4,4.4,-13.4,-16.4,-18,-28.8,36.2,-17,11.2,-12.6,-34,-38,12,-14.4
429.14,5.4,-26.4,18.6,-3.8,25.8,-5.6,23.6,-16,-10.4,-7.4,25.4,-10.2,-30.4,-0.2
429.69,20.8,-5.8,-15,2,0.8,26.4,-24,2.8,13.8,-20.4,14.8,9.6,23.4,-4.6
430.23,17.8,6.2,24.6,-19.2,26.6,-7.8,18.4,-22.2,10.6,16.6,-5.4,15.2,8.8,21.6
430.78,-18,14.2,-33.8,-15.8,22,1.2,23.2,9.4,17.8,-3,10.4,-29.2,7,-7
431.33,-35.6,21.2,-16,5.2,43.8,-1.8,-10.2,10.6,20.6,-25,0,13.4,-29.6,28.2
431.87,17,-15,8.4,-4.2,-10.4,1.4,-11.8,41.6,50.6,-38.8,12.6,32.2,24.4,-7.8
432.42,-12.6,-10.6,31,-8.2,19.8,-4.6,-2.2,-25.6,22,11.6,-20,46.4,24.2,-7.8
432.97,24,-2.8,-18.4,9.2,-14.8,-2.4,22.8,-16,-14.2,-3.6,14.8,-3.8,6,7.2
433.51,3,-21,4.2,9.4,-19.6,11.2,14.6,4.6,-34,-1.2,18.4,-7.6,-29.4,7.4
434.06,0,17,7.8,-1.8,10.4,33.2,-9,21.8,-42.6,-24.2,8,21.8,-0.2,33.2
434.61,13,-7.8,-15,20.4,-14.8,26.2,-34.6,9,30.4,-40.8,1.4,20.4,21.8,-3.8
435.15,-17.6,7,-27.6,-3.6,14.8,-2.4,-2.6,-16.2,18,-44.8,-19.2,11.8,-3.2,11.8
435.7,-1.8,34.6,23,-0.6,11,-19.8,15.2,0.6,7.6,-31.8,1.4,8.8,-19,34.2
436.24,-2.6,-29,11.2,-50,29.8,16.8,18.4,-7.4,-2,-11.2,-2.8,-9.4,20.2,12
436.79,-50.4,-2.4,14.8,10,37.6,-21,11.4,-15,2,-8.8,-34.8,-20.2,5.6,-17.8
437.33,4.6,-11.8,7.8,-6.2,-8.8,37.8,-18,-5.6,-0.2,24.4,-11.6,18.2,10.2,12.8
437.88,-27,6.2,23.4,1.6,2.4,21.4,-17,-12.8,-4.4,11,-43.4,-14.6,-28.8,-8.2
438.42,23.6,15.6,-15.8,-9.6,3,-9.2,-8.8,12.8,-29.2,-21,-8,5.2,-14,1.2
438.97,-17,-22,-13.8,-27,-0.2,-32.6,-23.2,20.2,-3.2,31.8,4.8,3.2,-9.8,5.4
439.51,-2.6,-8.4,11.4,-11.6,-5,2.4,-13,14.2,30,-0.2,3.4,40,1.4,-19.2
440.05,52.4,19.2,-4.8,0.4,-1.8,9.4,38.2,22.4,-8.4,20,-2.4,7.6,-11.4,17.8
440.6,-8.4,14,-4,9.8,-3.6,-2.2,10.2,10.4,-18.8,-4.6,11.8,-0.2,0.8,-19.6
441.14,25.2,-7.8,-4.8,-6,-11.6,-9.4,-12,-7,-13.8,-11,-10.8,0.8,23.8,-4.8
441.68,-33,17.6,-7,-15.2,-8.6,20.8,-5.8,-0.8,-12.6,7.4,-16.6,19.6,-16.6,-12.2
442.23,14,-15.2,-11.2,-52,-30.6,16.8,-2.8,14.6,16,-12.8,-2.2,-23,3,-27.6
442.77,21.8,-3,14.2,-36,14.6,-27.8,-13.4,17.6,-14,1,-19.6,-4.6,15,11.2
443.31,16.8,-15.4,-3.6,-6.2,-0.6,9.4,24.6,31.2,-3,16.6,-30,-13,4.2,-0.8
443.86,-5,-3.8,-1.4,-20.8,-26.8,31.8,-6.2,12.4,-11.6,5,35.2,-13.4,-19.4,-18.8
444.4,-13.2,12.6,-13.4,4.2,-14.6,-1.2,28.8,9.2,35.8,-12,-32.4,-26.2,-0.6,19.2
444.94,21.2,0.8,-9.8,20.2,-45.4,-1.6,-44.6,-6.4,-30,19.4,0.8,-2.8,16.6,-17.4
445.48,-11.6,-13.4,-42,-18.4,-5.4,12.6,-6.8,-18.6,5.8,-31,8,-7.6,16.8,-46.6
446.02,-1.4,8.2,-21.6,5.8,0.8,29.8,12,31,14,-2,5.2,-13,-12,-4.2
446.56,36,3.8,-20.8,-2.2,30,-30.8,-10.2,22.6,-19.6,0.4,28.6,3.4,-7.8,18.2
447.11,2.2,5.2,-10.2,-16.6,-14,34.6,-17.4,28.8,19,5.8,33.4,-14.4,2.6,-5.6
447.65,25.8,-16.2,-13,43.2,25.2,-0.4,3.4,-4.2,-12.4,4,11,26.8,-7.6,-11.6
448.19,1.8,-19.2,6.4,21.2,30.6,-27.8,6.6,15.8,-13,3.2,-29.4,1.8,4.6,-19.4
448.73,-23.8,13,19.6,-0.4,-12.2,4.8,-14.2,-20.4,-12,12.6,-12,15.8,-29.2,15.4
449.27,5.6,12,-23.8,-26.8,-15.6,-39.8,5.2,-15,-13.8,2.4,-10.4,3.6,-19.4,-29.4
449.81,14.8,14.8,-12.4,-12,-15.4,-11.6,-6.6,-5.2,-16.2,-14.2,15.8,-17,-12.6,19.2
450.35,30.4,9.4,-5.8,10.4,-5.4,25,-3.8,-7.4,6.6,4.6,26,1.2,-41.2,18
450.89,-21.2,10.8,3,-17.2,-18.6,-35.8,11.8,15,43.6,33.4,21.6,14.2,33.6,-5
451.43,-18.4,-12.2,-4.6,-3.6,-0.8,20,-2.6,20.6,30.2,53,-33.8,-5.4,-20,-3.8
451.97,-6.4,-5.8,-5.4,-16.2,22.2,5.8,-7,45.2,31.2,7.6,-27.8,24.2,-8.4,-9.6
452.51,-26.4,3.4,-5.4,2.2,-9,6.8,-27.4,-23.8,35,-6,7.6,22.2,-22.4,-5.6
453.04,-16.8,23.6,34,12.4,-22,21.2,14.2,-7.6,-27.2,54.6,-12.2,36,-16.4,3.2
453.58,10.4,40,8.4,17,20.6,23.4,-42.4,22,1,32,0.6,-14.2,-1.4,11
454.12,-24.6,20.8,27.4,-19,10,-27.2,-11.8,8,50,19.2,-2,35,-30,10.6
454.66,14.2,-49.4,10,-6.2,10.4,-31.4,-4.2,1.6,-13.4,-15,2.6,-0.2,-0.2,36.4
455.2,21.6,-33.4,-0.6,3.2,17.8,-12.8,-22.8,15.6,1.8,-11.2,-6.8,6.8,6.2,14.8
455.74,22.8,-13.2,2.6,13.8,20.8,15.8,-1.6,8,-5.8,-18.6,-23.2,-21.4,-2.4,-57.2
456.27,-6.4,3,-21.8,29,21.2,-5.4,-19.6,15,0.4,14,2.4,21,18,-4.4
456.81,19.8,3.4,-16.6,-20.6,-29.8,-15.2,7.2,25,-10.2,-28,-35.2,7.4,-21.4,-19.4
457.35,-7.6,-7.2,0.8,1,20.4,5.6,-4.8,7,6.4,9,13.4,5.6,-4.6,10.8
457.89,-41.8,2.8,13,15.2,11.8,-14.6,12.2,25,17,-3,36,-19.2,14.4,24
458.42,-26.8,-28.4,8.6,22.6,3.2,9.8,0.2,5.6,-36.2,-25.4,15.2,3.2,16.6,20.6
458.96,-25.4,-7.8,-3.2,-12.4,-5.2,3.8,-8.6,3.8,20.8,5.8,25.4,10.8,-23.2,-3.4
459.5,6.6,15,39.4,5.2,9.4,16.2,-16.2,-11.8,31.4,22,-18.8,23.4,9.6,9
460.03,2.6,-16.8,-23.2,-13.6,-1,-1.4,-5.2,13.2,-7.2,-14.4,1.6,8.4,48.6,9.2
460.57,1.8,25,-0.2,21.6,-9.6,12,-21,-2.8,-8,-4,22,-41.8,-4.4,9.8
461.1,-5.2,25.6,-15.2,-6.8,-57,-10.6,1.8,9,28.2,-13.8,1,6.4,11.2,-5.2
461.64,-0.2,-26.4,-6.6,-32.6,-8.4,23.6,8,0.2,-6.2,-24.4,-15.6,14.2,2.8,-1.8
462.17,32.8,3,-47.4,-5,-10.8,20.6,-1.2,33.4,-26,-4.8,19,28.8,31,-41.2
462.71,-0.6,-2.4,-27.8,-23.4,-23.4,12.2,35,-5.2,-19,-36.4,9.2,1,18.4,-0.6
463.24,3,-26.8,-34,-26.4,-24.4,-7.8,41,-32.4,-23.4,19,-5,-38.8,24.4,5.6
463.78,-14.4,-16.6,-9.2,-5.2,-10.4,-13.6,-5.6,13.2,21.4,15.8,-8.8,8,9.4,-12
464.31,-10.8,-6.6,-3.6,0.4,-36.8,2.2,0,-9.4,12,-10.8,-24.4,6.8,-21,-46.8
464.85,14.2,-10.8,-4.8,48,10.8,-17.4,-2.8,-19.4,-10.6,-11,-19.4,16.8,27.2,16
465.38,-32,-2,-31.6,35.8,3,-30,-1,9.8,-30.2,11.6,1.2,-0.8,-17.6,-17.6
465.92,-26.8,8.4,30,-7.4,4.8,18.8,11.4,-5,-8,4.6,29.2,-29.6,-17.6,-0.4
466.45,9.8,40,14,-26,43.2,31.8,-22.6,-28.6,-39.4,1.4,18.6,39.4,0,-9.6
466.98,-3.6,33.4,6,6.8,5,10.8,-14.4,5.2,-4,3.4,21.2,23.4,-13.2,7.8
467.52,-6.2,-14,-46.4,-10.2,6.4,-29.6,-5.8,-17,34.2,-35.8,7.8,4.2,-1.4,-25.8
468.05,-20.8,40,6.4,-1.4,21,-24.2,1.6,7.6,4.2,-11.6,20.2,8.2,28.4,-18.8
468.58,-15.8,8,17.4,24.2,25,-6.4,19.4,10,12.6,15.6,-5,39.6,2.2,10.2
469.12,21.8,-35.4,-33.8,-30.6,1.4,-10.8,-15.2,23.8,-15.4,31.4,24.4,-12.8,-7.2,-12.4
469.65,6.8,14.4,-35.6,-5,-9.6,-1.4,-37.4,-16.8,8.2,-28.4,-22.4,23,-36.4,9
470.18,-2.6,29.4,2.6,-19.4,4,21.4,-26,-19.8,9.8,3.8,7.4,-14.6,-18,11.8
470.71,10.2,1.4,10.2,-15,-1.8,32.4,-11.4,-20.6,-17.2,12,12.8,-17,-7.4,6.2
471.24,25.8,2.6,-0.4,-7.4,41.8,-7.8,3.2,5.2,8.2,17.6,-26.4,-14.6,-10.2,6.6
471.78,11.2,19.6,39.4,18.4,7.4,-18.6,1.6,11.4,-35.4,5,9.4,-7,-6.4,-21.8
472.31,2,44,-31.8,-16.8,-17.4,-5.6,0.6,43,1.2,-7.6,-2.2,11.4,24,-4.4
472.84,-2.2,-13,0,23.2,29.6,-17.8,-6.6,0.2,35.6,8.8,-17.4,18,-15.4,-13.2
473.37,3.2,-3.4,-15.6,-0.4,-6,10.8,27.8,19.2,26,-17.2,0.8,7.6,-17.8,3.4
473.9,-2.2,-19.4,5.8,-5.6,0.4,12.4,16.2,-10.4,4,18.2,13.2,-8.4,-34.8,7
474.43,-6,22.4,19.6,-9.2,-14.6,-24.2,22.6,14.2,21.4,-3.4,0.4,-27.8,23.8,30.6
474.96,11.4,-30.2,-2.8,2,10.2,25.2,3.2,-3.4,3.2,-20.8,-9.2,-3.6,-3,16
475.49,32,-7.2,13.2,-19.2,14.2,42.2,16.6,-29.4,31.6,6.2,0.4,-3.8,12,22.6
476.02,-15.8,-27.2,0.2,-15.2,-23,4.6,23.2,-15.6,-3.6,-22.2,-17.4,16.4,2.8,12
476.55,-13.4,-34.4,14.8,15.4,-21,4.2,1.4,-28.4,-24.2,-5.2,-26.4,-39.6,-10,-22.2
477.08,-18.2,13.4,-23,21.6,-10.6,-1,7.2,-10.8,18.8,9.8,7,-18,23.4,8.2
477.61,27,-27.6,-44.4,38.6,-25,5.4,4.2,-11,1.2,5,-27.8,-25.8,-10.4,23
478.14,41.4,14.8,6.6,-2,0,-3,12.6,16.2,29.2,18.2,-7.8,-6.4,6.4,2.6
478.67,17.2,-25.8,-5.2,20,-3,-5.2,3.2,-11.4,9.2,14.6,12.6,1.4,-21.8,33.2
479.2,25.2,11.6,10.6,-1.4,-13.6,15.6,13.8,-30.4,-31.4,7.2,-26.4,-35.4,8.6,-7.2
479.73,43.4,12.2,15.2,45.2,-18,7.6,-24.6,-16.6,-35.4,4.2,-4,1.8,-7,8.6
480.25,29.2,-13.2,-35.2,24.8,-14.8,9,-29.8,6.8,-15.4,-3.8,0.6,11.4,-10.8,20.4
480.78,-19.2,4.2,-12,5.2,7.4,16.2,3.6,10.6,10.4,33.2,-15,-36,-0.8,3
481.31,6.8,-18,11.2,6,18,35,26.8,-14.6,9.2,3.2,-22.6,-10.2,-32.6,-5.2
481.84,4.4,15.6,-0.8,12.8,4,27.8,-2.6,-6.2,19.2,3.2,-30.2,5.4,-11.8,-4
482.37,-4,11.4,-9.6,5,-22.2,-3,-9.6,-7,-16.2,25.4,11.6,8.8,8.6,-0.4
482.89,8.4,-6.6,-4.6,-3.2,-2,15.6,-18.4,-24,-9,2.2,-14.4,-20.4,-12.6,-19
483.42,-0.8,-53.8,52.8,11.4,-19.4,8.6,20.4,-18.6,-0.4,-13.6,-35.8,-30.4,-11.2,-27.8
483.95,-29.6,-27.6,-25.2,-14,-15.6,-12.8,6,-22,-8,-54.4,5.2,9.8,-12.6,26.4
484.47,24,22,-27.2,0,-24,-17.6,29.6,10.2,-3,-16,28,49.2,-12.2,1.4
485,3.8,23.2,-2.2,16,5,22.4,18.2,-2.2,-1.6,3,-16.4,-12.2,29.6,-24.2
485.53,29.2,25.2,-22.2,8,-30,13.8,-28.8,20.8,37,20.8,32.2,12.4,-15.6,-15.4
486.05,6.8,-7.4,-2.8,14.8,1.6,16.8,-6.8,13,-5.6,-4.8,-7.8,27,3.8,-24.8
486.58,-50.2,31.4,12.4,4.8,41.4,45.6,17,-19.6,-22.2,-18.4,2.2,22.2,-25.4,-2.8
487.1,36.2,-11.8,-16.6,-25.6,-16,28.2,-33.4,-7.8,-6,-33.2,-11.6,22.8,24.2,-22.2
487.63,-2,-16.6,8.2,17.6,-0.6,1.6,15.8,-3.6,2.2,19.6,19.8,2.6,-7.8,6.2
488.16,23.8,11.2,5.8,-19.6,-6.4,8.6,27.2,-1,10.6,-19.2,5.2,-31.4,-4.6,-21.6
488.68,-2.8,15.8,41.4,35,29.2,24.4,16.2,11.8,-26.6,19,-8.6,18.8,-12.4,-6.4
489.21,-2,7,25.8,7.8,-1.2,16,-17,0.6,-7.4,14,-5.4,-2.2,10,4.4
489.73,4.6,22.6,-18.4,-17,2,14.2,-35.4,20.2,2.4,-5.8,30.8,6.2,0.8,-43
490.25,-16.2,-1.4,-19,-6.6,0.8,-16.6,-36.8,6,14,-22.6,15.8,29.4,29.4,-16.6
490.78,8,8.8,-31.2,-8,-2,4.8,-7.4,-15.6,16,-29.8,16.8,12.2,7,1.4
491.3,3,-27.6,27,-18.8,-12.8,-28,-24.4,-4.8,-10.2,-11,0.6,6,0.2,-13.4
491.83,1.8,-9.8,-22,24.4,-13.6,12.6,4.6,-17,5.8,22.6,-10.2,18.4,-13.4,-10.4
492.35,14,26,-4,2,2.6,2.4,-0.2,-21,5.2,4.8,-9.2,-4.6,-13.8,54.6
492.87,31.8,10.6,38.8,-27.4,-25.8,-6.6,-9.8,-0.8,1.4,22.6,14.8,8.8,-29.6,23.2
493.4,3.8,-7.4,7.6,13.4,-35.8,-11.8,5.2,-22.8,29.8,7.6,4,29.4,-3,22.8
493.92,-21.6,33.6,13.6,2.6,-0.2,8.4,-20,4.4,-7.6,-3.8,-26.6,38.2,-8,16
494.44,5,32.2,-29.2,17.4,8.6,-0.2,-4.8,-21.8,20.6,4.8,-11,25.4,6,-12.2
494.96,-22.6,-13.2,-20.4,-21.8,-40.6,27.2,-25,21.6,15.6,-13.8,-18.2,-4.8,2.6,-20.4
495.49,4.8,-6.4,-2.4,-32.2,-26.4,15.6,-5.4,21.8,-6,-20,1,8.8,-18.6,10
496.01,-24.2,14.4,-40.6,3.6,-11.4,-3.8,12,27.2,-0.8,-19,11.8,2.8,8.2,18
496.53,-11,-16.2,-1.8,0.8,8.4,15.4,19.2,-14.8,-19.8,14.4,-11.6,-16.8,-18.4,6.6
497.05,15.6,-20,16.2,10.4,-6.8,-28.4,25,10.4,42.4,-14.2,-4.6,3.4,-13.8,-4.6
497.57,10.6,-17.2,-1.8,13.2,-3,-11.6,2.8,14.8,-18.6,-0.6,-4,22.4,19.2,24.2
498.1,22.4,-42.4,-2.6,-27.8,-1,1.4,21.4,-12.6,12.4,47.8,3,29.6,-1.6,27.4
498.62,22,13.4,-8.8,-12.2,7.6,43,-16.8,-9.8,6.4,9.2,-4.4,-13.6,3.8,1.4
499.14,21.6,2.8,-23.6,26.2,-7.4,19.4,10.2,22.4,-3.6,-8.8,-6.6,4,0,-10.6
499.66,17,-13.4,-53.4,11.2,-5.4,5.6,-21.4,-5.4,8,-47.2,-17.6,25.2,21,-42.6
500.18,24.8,-30.2,-57.4,13.8,-8.8,4,-11.8,-5.4,2.6,-24.2,6.2,-6.4,11.8,20.8
500.7,27.2,-13.6,4.4,-30.2,11.2,24.2,22.4,0.6,-9.8,-5,-1.8,10,9.2,-4.8
501.22,19.2,30,49.4,-3,0.8,13.2,34.4,8.6,23.6,2.8,20.2,5.2,-12.2,-13.4
501.74,-37,-4.4,13,-28.4,3.8,27.6,-10,28,14.8,15,13.4,-33.6,-3.4,6.2
502.26,-16,23,24,-11.6,6.2,-3.4,10.6,24,3.4,-22,-10.6,3.2,39.6,-8.4
502.78,7.8,-19.2,-4.8,-23.6,1.6,1.8,-17,8.4,7.2,39.4,-16.2,2.8,12.6,1.4
503.3,-4,2.6,-24.2,4.8,-11,-7.6,14.2,4.4,-18.8,-6.8,1.8,3.6,9.6,1.6
503.82,12,9.4,31.4,-6.8,32.8,-5,29.2,16,51.6,-6.2,13.6,7.6,13.4,37.4
504.34,34.8,-27.8,18,-13.6,32.8,4.2,-5.4,11.2,-1.4,22.6,7.4,28.4,-8.8,21.6
504.85,41.8,15.8,-2.6,-7.2,-9.4,-4.6,27,-3,-14.8,-11.4,49,64.2,9.4,2.6
505.37,37.8,-4.6,25.6,-4.4,21.8,-11.6,-7.6,-6.4,1,21.2,29.6,40.8,18.4,-49.4
505.89,12.2,-1.2,-14.8,-14.6,-15.4,-17,-14.2,1.4,7.2,14,28.2,56.6,37.4,-25
506.41,-1,-16,10.2,-13.2,-42.6,-37.4,14.8,10.6,31.4,-5.6,11.2,92.4,38.2,-2.2
506.93,35.4,19.2,-12.4,-16.4,2.2,-7,30.6,5.6,4,1.4,-10.2,148.8,-20,-7.8
507.44,7,7.2,-1.6,-15.2,-20.8,-7.6,24.6,1.2,38.8,11.2,12.6,157.4,12,27.6
507.96,-8.6,-7.8,-1.8,-6.6,0.2,-24.2,-34.2,6.8,-13,-18.6,10.6,224.2,-18,-35.6
508.48,36.2,2.4,36,-27.6,4.8,14,7.8,14.4,-9.6,30.2,5.8,204,-5.8,25
509,-18.8,15.4,12.6,-41.6,-22.6,30.8,-15.4,5.8,-25.8,-18,40.8,243.2,-6.4,-21.4
509.51,31,-12.4,-4.6,-41.8,-13.4,-19.4,-3.2,-7.4,-10,3.8,6.6,134.6,33,-5
510.03,-7,-13.2,-5.4,8.6,-8.2,-18.6,-38,-5.4,3.8,-2,12,163.6,-34.2,-26.6
510.55,-7.2,-32,28,19.2,5.4,24.4,-14.6,12.6,-12,-2.8,27,84,29.2,-20
511.06,0.2,9,11.8,-26,-6,2.4,41.2,11.2,25,34.6,95,51.8,-0.8,4.6
511.58,-6.8,-11.6,16.4,-12.4,6.8,8.8,10.8,15.2,-10.8,34.6,247.2,20.8,23.2,15.4
512.09,0.8,-27.2,27.2,9.8,-6.2,-9.2,0.4,-12.6,10.8,-4.8,464.2,42.4,8.8,-17.2
512.61,11.2,-29.4,-16.8,-14,-1.6,31.8,-3,13.2,7.6,3.4,690.8,32.2,0.6,6.6
513.12,3,-10,-17.2,-2.8,-5.4,3.8,23.2,-3.4,42.6,-1,884,-15.2,-12.4,0.8
513.64,3.8,-16,-22.4,34.2,-24.6,-13.2,-7.4,-15,11.6,-8,1067.4,-6.4,-11,-2.8
514.15,5.2,-23.8,31.2,-13,-7.4,-10.4,-31.2,18.8,-9,-9.8,1146,6.6,7.4,-49.8
514.67,18.4,-7.6,12.4,32.6,-8.6,41.8,18.8,-15,27.8,15.4,1290.4,9.6,4,-16
515.18,20.2,26,-37.4,9.8,26,30.4,1.4,3.2,-15,6,1334.4,-8.8,40.2,18.6
515.7,7,16,-8.6,-7.8,-38.6,12.2,6.2,33,-0.6,49.6,1391.8,-24.2,-6.4,16.2
516.21,-13.2,15.6,-2.6,22.6,-26.8,21,22,20,18.6,-11,1429.2,-20,3.6,3.8
516.73,26.6,6.4,-22,9.6,26.4,-12.8,33.8,12.4,5.2,16,1358,-14.4,4.4,-28.4
517.24,25.4,29.6,-9.6,-5,0.6,23.2,-8.4,-18.4,-6.2,25.4,1156,8.6,-0.6,17.8
517.75,24.8,24.6,-12.8,12.6,-10,10.6,7.2,9.4,33.8,19.8,765.8,1,20,17.6
518.27,-12.6,11,-22,11.4,19.8,0.4,0.4,12.2,11.4,48.8,496.6,-15.4,22,-15.6
518.78,-37,-6.8,-32.6,-3.4,2,-1.8,7.8,-4.4,8.2,81.6,313.6,-7.6,-3.6,3.8
519.29,2.4,20.4,26,8.6,-22.4,-21.8,8.2,-0.2,9.6,238,162.2,-24.2,6.2,-4.2
519.8,-11.6,-19.4,-10.2,23.4,3,-25,-11.6,-23.8,-1.2,558.4,132.8,-27.2,27.2,-29.6
520.32,18,32,7,-18.6,-13.6,9.6,-45,48.2,-34.6,1040.8,89.6,-13.6,-14.2,-32
520.83,27.8,15.8,-25.6,-42.8,11,4.6,-4.2,20.2,-5.4,1680.8,42.6,1.2,-9.2,8
521.34,22.6,-10.2,-54,12.2,-31.8,21.4,-18,17,13.2,2242.2,2.2,-7.8,15.2,19.6
521.85,-3.2,3,-11.2,-6,17.6,8.8,16,-4,12,2529,-15.8,-5.6,-26.2,-7.2
522.36,-7.8,9,-5.6,-27.2,-8.8,25,-7.4,-2.8,6.6,2618.2,0,-23,14.6,2
522.88,16.6,3.2,12,-19.2,9.8,-36.2,-6,26,-25,2702.6,18.8,-2.4,-10.8,11.2
523.39,16.4,4.4,10.4,-17.2,3.8,11.6,-29.8,11,18.4,2689.4,2.8,-11.6,-0.6,-15
523.9,-3,3.8,26.2,-11.6,18,42.6,-10,1.2,33.4,2570.4,-11.2,10.4,25.4,6.4
524.41,-0.4,15.6,11.8,-15.6,20.8,11.4,-6,23.4,31,2416.2,6.8,-6.4,1,-8.2
524.92,17.4,17.6,2.6,-30.6,-18,4.8,9.8,-1.6,43,1941,-13.2,-12.6,-22.6,-9.8
525.43,23.2,29.8,-1.4,-16.8,-1.8,41.2,15.2,48.4,46.6,1390,6.6,-24.6,-7.8,-7.4
525.94,-22.8,0.4,-11.4,2.8,24.2,-41.2,-16.4,12.4,57,898.4,-4.8,-11.4,40.8,1
526.45,-13.8,-14.6,30,-44.8,17,-4,-30.4,15.2,143.6,494.4,15.2,23.6,36,-8
526.96,-5.8,3.2,-15.4,-33,-7.8,-45.2,-23.4,-2,320.8,263.2,3.4,-12.4,14,-1.8
527.47,37,0.2,14.2,-18,10,-18.4,-22.2,-6.2,823,140.4,14.8,47.8,4.4,16
527.98,9.6,11.6,-28.2,15.8,21.2,18,-11,0.8,1552.2,46.4,-0.2,2.6,48.6,-20.8
528.49,10,40.8,3.6,16.6,70.2,-48.2,16.4,12.2,2466,25.4,-12.4,21.2,1.6,-4.6
529,-11,28.4,-3.4,-27.6,20.2,5.8,0.6,-1.4,3142.2,59.4,0.8,6.8,-9.8,44.2
529.5,-12.2,-19.2,13,10.2,-26.8,10.4,17,31.8,3466.8,38.8,19,-19.2,8.6,-17.6
530.01,-0.4,17.8,36,9.6,3.2,-10,34.6,27.6,3510.8,17.8,29,-13.8,-12.6,-31
530.52,18.6,-14.4,-26.2,22.2,2.4,-24.2,-8.4,2.4,3557.6,20.6,-9.4,-33.6,-38.4,-18.6
531.03,-17.6,-5,4,28.4,6.6,-6.8,-22.2,2.2,3605,15.2,17,-23.4,-40.6,-3.8
531.54,6.6,-9,12.2,5,1.2,-4.8,-21.6,-14.4,3519,-12,-6.4,-5.2,9.2,24
532.04,19.2,12,-25,-8.8,2.8,-18.8,-3,-8.2,2874.6,-12.2,0.6,-13.4,-5.6,-29.6
532.55,-23.8,-22.4,-14,-6.6,2.4,7.6,38.4,55.8,1856.4,-10,-33.2,4,5.2,-3.6
533.06,23.2,-1.8,7.6,9.2,-10,12,6.4,62.4,950.2,10.8,-14.8,19.8,-18.4,16.2
533.57,4.2,-4,-3.8,-12.8,11.6,14.8,9.4,109,424.4,5,18.8,4.2,-7.2,33.4
534.07,-28.8,-6.8,-31.4,6.4,2.2,-27.6,-21.2,275,187.8,25.8,-0.4,-15,5.4,15
534.58,-27.6,-4.2,-29.2,29.8,-2.8,0.8,-21.4,719.8,65.2,-30.4,-22.2,15.4,-23.6,-27.2
535.09,24.4,-2.4,12.2,14.8,-6.2,-21.2,17,1525.4,77.2,-3.2,-1.2,-12.2,25.2,22.8
535.59,13.4,24,-19.2,7.4,21.2,5,37.4,2531.4,63.6,13.4,-3,-33.6,-1.4,14
536.1,-37.6,-22.2,-33,0.8,-21,-34.4,-24.6,3375.4,36.6,3.8,15,-0.8,0.6,-8.2
536.6,-61.8,-22,-39.8,39.4,-28.2,-6,22.4,3878.2,10.2,-5,6.2,-7,6,-18.4
537.11,-5.6,31.8,-1.4,8,0,15.4,49.8,4237.2,11.8,13,20,52.8,-3.2,2.4
537.62,-30.6,9.6,-25.4,30.8,35,28.6,51,4671.2,-13,11,21.2,-18.6,-9.8,-12.2
538.12,-50.6,-22.4,-23,26.8,0.4,-10.8,26.8,4684.8,-16.8,-25,-44,-5.6,-6.8,-11.4
538.63,-4,-51.6,-26.8,7.8,22.4,21.6,66.4,3875,-19.4,-10.8,-4.4,-21,20,14.8
539.13,5.2,-7.8,-11.2,0.4,6.6,29.8,182.2,2515.2,21.6,-7.2,-25.6,4.8,16.6,27.8
539.63,31.2,18.8,10.4,6,24.6,-43.4,421.2,1207.8,13.4,-15.8,-1,-13,-3.4,-6
540.14,14.2,0.2,24.8,-4.8,43.2,8.4,969,525.4,23.2,21.2,9.4,1.8,7.8,-4.8
540.64,-14,7,-49.2,-2.6,1.8,3.6,1983.4,185.6,15.2,2,-50.4,-1.8,-2.6,-3
541.15,4.4,-4.6,-12,-12,-4.8,-1.2,3261.6,136,24.2,-44,19,21.6,-0.8,10.8
541.65,9.8,3.2,19,-14.8,-31.8,29.4,4313.2,56.2,6.4,-9.2,-8.8,21.6,-23.6,25.2
542.15,15.2,-4.2,15.8,38.6,-0.6,16.4,5163.2,-12.6,10,-33.4,25.6,35.4,-8.8,59.8
542.66,13,49.4,2.4,10,8.8,19,5647.8,29,15.8,-17.4,44.2,7.8,0,-6.2
543.16,13.4,-21.6,-9,-23.8,10.6,32.2,5468,37.4,37.8,51.4,-7,4,20.6,9
543.66,33.6,20.4,11.8,23.4,-1.8,94,4425.6,13.4,-13.4,24.2,3.4,-14.8,-4,-22.4
544.17,5.4,3.8,20,18.2,43.6,99,2738.6,41,-12.6,-34.6,-13.4,-6.6,-46.2,16.2
544.67,14.4,17,-10.6,-4.6,4,187.8,1264,24.8,8.2,-41,11.6,-39.4,-35.4,8.8
545.17,10,36.4,9.4,14.2,39.2,462.4,455.4,33,25.4,14.6,-5.2,-12.2,-23.4,27.2
545.67,8.2,-9.4,13.2,14.2,20.2,1194.8,166,18.8,-16.6,-26,6,-1.4,7.2,57.8
546.17,7.6,-19,-24.4,-8.2,4,2643.4,67.6,26.4,-9.8,-8,12.6,-5.8,38.2,62.6
546.68,26.6,16.6,-3,-26.4,27.8,4480.2,76.2,14.6,-5.8,-29.4,-1,5.8,-2.8,62.8
547.18,-15.6,1.4,-19.4,-17.2,6.4,5955,75.2,12,15.4,-9.8,11.4,10,-43.6,67.2
547.68,12,11.6,5,21,15.4,6623.8,28.6,11.4,9.6,-11.2,-4.2,-19,-25,100.2
548.18,17,31.6,13.2,-1.2,36.6,6448.8,32.6,-1.2,6.6,-9.6,-6,11.8,11.4,108
548.68,-18,19.2,-8.4,8.2,56.2,5545.2,5.6,11.2,28,-9,-5,10.4,10,126.6
549.18,-16.8,21.4,23.4,-1.8,71.8,3658.6,26.4,30.8,7.6,11,30,10.6,2,115
549.68,-1,26.8,-3.8,32,191,1762,11,11.8,-38.2,7.2,-6,16,-20.2,94.4
550.18,19.2,13.2,9.6,-40.2,569.4,635.2,49.4,25,-3.8,-6.4,-25,7,-4,96.8
550.68,65.2,-12.2,-7.6,-21.6,1656.2,260.6,0.2,34,-0.6,21,16.6,-4.2,8,75.8
551.18,29,27.4,-52,28.8,3653.2,140,5.8,19.8,-7.4,-32,-27.2,3.4,22.8,22.4
551.68,10.4,15.2,11.2,66.2,6034.6,58.2,0.2,7.2,12,0,12.4,14.4,14.2,67.6
552.18,14,4.8,18.8,61.8,7463.4,55.4,10.8,9.8,38.6,-15,-9.6,10.8,-8.8,73
552.68,39.2,7.2,27.4,88.6,7545.4,35,-5.4,-6.2,-3.8,18.2,6.8,-35.6,-26.2,58.8
553.18,35.6,18,-6.2,160.8,7088,-24.8,-24.2,5.6,18,20.8,-35.4,-3.2,27.6,12.2
553.68,42,5,38.8,472.8,5467.8,-24.6,-8.8,-3,14.4,11.6,-7.2,3.2,-9,25.2
554.18,-0.2,31.6,67.6,1510.6,3179.2,26.6,9.8,-13,-9,13,16.8,-1.2,-38.4,16.6
554.67,45.4,27.8,64.2,3699,1208.8,22.2,39.8,-60.8,12.4,-28.6,7.8,-8.4,28.6,7.4
555.17,17.8,9.6,175.4,6442.4,453,11.4,33.8,-11.6,20,2.2,34.2,38.4,-35.6,7.6
555.67,24.6,50.6,452.2,8088.8,157,11.4,31.2,26.8,34.2,-22.8,-0.4,19.2,25.4,37.8
556.17,66.2,95.8,1346,8268.8,104.4,35.6,32.2,30.2,-15.8,-25.6,-20.2,-21.4,-7.2,28.6
556.66,120,199.2,3709,7929.2,47,25.8,-18.6,-23.6,7.2,-12.2,0.6,3.2,-11.2,44
557.16,276.6,572,6721,6483.8,54.8,5,-3.8,-32.2,1.6,-5.2,20.8,-34.4,-15.2,48.6
557.66,861.2,1752.2,8600.6,3808.6,40.2,27.2,8.8,13,-10,-22.8,18.4,-8.8,22.4,3
558.16,2676.6,4334.2,8997,1489.2,45.2,9.8,4.6,-36.8,-38.6,-29.2,23.8,-3.4,8,24.2
558.65,5757.4,7487.4,8635.8,446.4,40.6,-1.4,-0.8,11.8,11,-9.6,-2.2,8.4,10.8,-0.8
559.15,8513.4,9317.8,7276.4,195.6,35.6,-12.2,10.4,-14.6,25.8,9.8,1.2,26.6,-11,7.8
559.64,9484.4,9350,4469,99.6,3.4,-18,6.4,16.4,26.4,6.8,-8.2,-8,2.4,-15.6
560.14,9208.2,8888.8,1779.8,35.4,15.4,5,24.4,6.4,-19.6,8.4,-31.4,9.6,-4.2,23.2
560.64,8477.2,7304.8,532.6,56.4,36.2,-9.6,22.6,-20.6,-19.6,16.4,-48.4,4.6,56,8.2
561.13,6317,4317.8,215.8,22.4,25,30.2,-6.4,12.8,17.2,-3,9,12.2,54.2,4.4
561.63,3103.2,1593.4,118,22.8,21.2,1.4,1,-30.4,-33.8,4.2,8.6,-2.8,54.6,14.6
562.12,991.2,524,79.2,12,16.2,-16.4,11,-8.4,12.2,10.4,-15.8,7,20.8,10.6
562.62,353.8,236.6,78.2,21.2,-15.6,30.6,-8.8,-37.2,-6.6,43.2,8.4,9.2,79,15.4
563.11,140.4,89.6,43.2,35.8,-2.8,-1.4,2.6,-1.8,-0.2,7.2,28.6,0,59.6,14.4
563.61,81.2,58.4,20.2,22.8,49.4,-10.6,46.2,-15.6,-14.2,-27.8,6.6,3.6,54.8,16
564.1,53,57.4,12.4,28,14.8,5,15,5.6,-2.2,8.4,-8.2,-2.4,-14.4,22.8
564.6,13.4,27.6,0.6,8.4,35,26.2,15.2,-22.8,-1.6,-3.8,29.2,28.4,48.2,11.2
565.09,29.6,21.4,14.8,6.8,25.2,-3.2,-15.4,-4,1,0.8,-1.4,-3.6,36,16.6
565.58,34,18,56.8,2.4,-8.6,13.8,2.4,-5.8,4,-24.8,2,5.8,7.4,44
566.08,24.2,34.6,-0.2,-19,21.6,-11.8,46,7,-4,-12.4,-20.8,-11.6,15.8,29.8
566.57,36,21.4,4.6,-33.8,25,-11.6,24.2,24.4,-13,-13.2,17.8,-30,9.6,25.8
567.06,38.2,10.6,1.4,-11.8,-12.8,-9,1.2,3,17.8,-13.4,-6.2,-39.4,4.8,25.6
567.56,7.6,9.2,-10.2,-15.6,10,21.6,-13.2,-20.4,42.6,-27.8,18,7,-34,14
568.05,49.4,-0.2,3.8,-30,35,31.8,2.8,-22.6,-12.8,13,5.2,2.6,-2.2,53.2
568.54,40,-3.6,-7,-23.6,21,3.8,-3.4,-43,11,53,-4.8,9.6,21,55.6
569.03,47.2,2.4,37,-12.8,38.4,-31.4,-3.4,-28.2,12.8,-27,14.2,-20.6,10.2,14.2
569.52,-13.2,-1,14,-30.2,-22.2,-4.8,-18.2,-9.2,12.8,25.2,42.6,41,24.2,7.2
570.02,5.2,-10,-20.4,15.6,-2.4,3.2,-1,-4.8,-1.8,11.6,6,11.2,30.8,-5.4
570.51,4,29.4,8,-26.8,-15.8,42.6,-7,-22,16.6,13.6,1.2,-15,10.8,20
571,28.2,5.6,25,0.4,31,37.6,15.2,-8.6,18.2,40.2,18.2,-3.2,-19.6,28.6
571.49,-7.2,14.6,-11.4,5.4,16,-4.4,-20.8,21.2,-8.6,-5.2,-2,-6.6,4,31.8
571.98,-8,13.8,6.2,38.4,-16,-9.4,9,13.2,6.2,-6.2,-17.6,-34.2,-34.4,47.8
572.47,-7.8,19.6,34,-4.6,21.8,-24.8,23.6,-1.8,-28.2,-6.8,14.4,-19,58.6,30.8
572.96,29.2,22,-22.4,-2,12.8,-27.6,7.2,18.8,-8,-19.6,6.4,7.6,12.2,-8.8
573.45,4,28.8,-27.6,17.6,20.8,-35.6,2.2,-18.4,27.4,-8,15.6,-16.6,35.8,35
573.94,-11.8,-20.2,-13.8,18.6,-26.6,-27.2,-5.8,28.6,8.2,-29,-33.6,40.8,-6,-2.2
574.43,-2.2,-4,10.8,17.6,-7,5.6,0.4,-14.6,-18.2,-25.8,-24.2,19,24,3.2
574.92,32.2,15,-9,7.2,33.6,-29.2,29.4,20,-0.8,22.4,-0.6,-14.4,2.8,26
575.41,-27.8,19.4,-9.4,-11,18.6,-9.2,-1.6,19.2,14.2,24.4,-21,15.2,25.2,16
575.9,24,10.6,18.2,2.4,6.6,9,11.8,8.8,-5,-21.2,2,43.4,-33,-13.4
576.39,-12.8,30.2,-11.8,26.6,0.6,36,10.8,19.6,-10,-42.8,-11.8,49.6,9.4,13.4
576.88,5.4,-7,7,24.4,-1.6,-4.4,-24.4,-13.4,-10,23.4,-2,-5,-14.8,2.2
577.37,-3.6,-15,-13.8,3.8,6.2,-15,1.4,-15.8,-17.4,49.2,-38.2,-8.6,-1,19.8
577.86,4.8,-6.8,2.6,-32.2,15.2,0.4,-10.4,29.6,16.8,-1.2,8.2,66.8,17.8,-8.2
578.35,1.4,24.8,2.6,25.6,-10,-6.8,20.4,39.8,23.2,-7.4,9.4,43.4,4.8,15
578.83,-5,4.6,13.6,3.4,-8.4,16.8,3.6,9.8,-24.2,-11.8,25,5.6,6.2,-19.4
579.32,-27.4,-7.2,12.4,34,-9.4,-22.8,1.4,0.6,-8.4,-12.4,-11,-1,25.4,-54.2
579.81,-20,8.2,15.2,-1.8,13.2,-33.8,-10.4,-8.4,-14.8,-26.2,32.6,14.6,-5,-8.8
580.3,-1.4,-16.4,6.4,-8.8,-0.4,-13.2,15,13.6,-2,11.8,42.8,-2,16.6,20.4
580.78,8.6,21,-10,-4.8,-14.8,2,11,21.2,18,-9.2,32.2,-23.2,-24.8,-13
581.27,-1.4,13,-16.6,-29.4,-9.8,4.4,19.2,3.2,-11.8,3.8,16.2,14.8,32,14.6
581.76,16.8,-14.8,9.2,5.6,5.6,-4.2,-4.8,37,-19.4,-27.6,-22,2.4,-13.6,-0.2
582.24,-7.6,-13.2,10.4,16.4,-13.6,-22.8,-38.6,2.2,8.8,-30,-2,5.4,14.4,-1.4
582.73,-2.6,25.4,12,-10.2,-15.8,-3,-19,-19.8,21.2,16.6,5.6,-10.6,12,-37.2
583.22,2,-6.8,-11.6,0.2,-26.2,-5.2,-32.4,-32.2,15.6,9.2,13.6,11.4,6,13.4
583.7,22.8,-11.4,-5,-35.4,13.6,21.2,-4.8,9.4,9.6,-3,-21,-24,5.8,-3.8
584.19,0.8,7,-29.6,0.8,-17.2,28.8,19,14,7.4,-5,-40,5.2,-6.2,-8
584.67,-27.4,-33.8,-18,13,0.2,-5,25.4,-7.2,33.2,-7.2,10.8,23.4,-7.6,57.4
585.16,-26.2,1.4,20,-21.6,6,-20.6,-7,2.4,26.4,-21.2,27.6,-2.6,30,4.2
585.64,8.6,-8.8,-14.4,13.8,25.2,-18,-2.4,1,39.4,-15,-6,28.6,2.6,-2.8
586.13,16,-8.6,20.6,-10,-3.4,-10.6,11.4,-11.6,21.6,-25.8,-36.4,-33.2,47.8,-28.6
586.61,26.6,-12.6,-30,1.8,-2.2,-12.2,-10.6,-11.6,27,5.4,-8,-2.2,4.6,-7.2
587.1,15.2,32.8,-29.6,41.2,11.4,-32,10.4,2.6,21.8,5.8,10.2,3,38.8,3.6
587.58,-2.2,-18.4,13,10.8,16.6,0.2,24,14.8,-7,26.6,7.8,-16,8.8,26
588.07,18.2,13.2,20.6,-18,30.4,-1.6,-16.2,-20.4,21.2,-21.4,2.6,3.4,3.6,-31.2
588.55,28.4,23.6,7.4,-1,-0.2,-0.2,-13.2,19.2,-13.4,6,-2.6,-11.4,28.6,5
589.04,-16.8,8.2,-8.6,-14.8,-10.6,-41.6,-9.6,21,-16.6,10.2,-6.6,44,23.4,32.6
589.52,14,21.6,-1.4,2.4,14.8,-21,12.4,-20.6,6.6,26,14.4,25,18.2,28.6
590,41.8,15,9.8,-31,24.4,-26.2,35.6,-31.4,22.2,-21.4,15.2,6.4,0.6,12.6
590.48,-7.4,6.2,19.8,-15,9.8,-6.4,2.4,-12.6,-25.6,1,21.8,-1.4,-4.2,-21
590.97,-15.8,-19.8,-11.2,32.8,-3.2,14.6,-6.8,27.4,-15.2,29,13.4,-36.2,-20.6,2.4
591.45,3.8,21.6,-33.4,-6.8,3.4,16.4,10,-10.6,-21.2,7.2,13.2,13.4,20,-0.8
591.93,-24.2,-26.2,-23.2,20.6,-2.2,26.8,-2.2,19,-2.2,-22.8,-15.8,12.6,-8.2,-5.4
592.42,-14,9.4,23,-5.8,5.8,-32,-19.6,0,-11.2,9.6,-1.6,37.2,7.2,-21.6
592.9,-2,9,10.2,-10.6,-22.6,1.8,-0.2,-8,-25.8,11.6,9.4,8.6,0.4,-16
593.38,-2.2,-13.2,-25.6,37,5.6,-56.4,-64,6.2,12.2,-1.2,-1.6,0,14.6,-17.2
593.86,5.4,8.2,4.2,0.2,17.6,15.4,-5.4,12,-5,29,-6.2,-4.8,-16.2,-5.4
594.34,1.8,54.6,-11.8,5.4,8.4,-15.6,-23.2,31.6,18.2,-5.8,32.2,27,-38.2,0.6
594.82,15.4,-18,10.4,-0.6,-66,-25,-4.2,-12.2,-3.4,-1.8,-2,36,17.4,-25.2
595.3,22.4,20,-12.6,29,13,-18.8,18.6,-22.2,2.4,-17.4,8.2,-15.4,25.2,17.4
595.78,-39.6,3.6,-3,12.2,22.2,1.8,11.2,16.4,-16.6,4.2,-0.4,30,-7.2,18.6
596.27,-3.2,-27,14.4,-4.4,6,-56.8,2.8,-25.2,-0.8,7.8,-22.8,5.2,10.4,47.8
596.75,-7.4,23.4,-49.2,-9.2,15.8,3.6,37.6,16.8,-6.8,12.2,-4.2,12.4,-11.8,7.2
597.23,-18.2,6.2,-2.4,-1.4,26.8,3,-19.4,-32.6,-4.8,0.8,-9,30.4,-8.2,-17.2
597.71,-9.8,0,-2.8,7.6,-9.4,25.8,14,-14,8.4,-8.2,5.4,1.6,-23.4,10.4
598.19,-29.4,7.2,-38.8,38.4,14.4,29.4,31.8,8,2.2,14.4,19.8,16.8,1,-16.8
598.67,-18,14.6,-1,-5.8,17.8,-9.2,41.6,44.2,2,19.4,-23.4,28.6,-12.6,11.6
599.14,10,7.6,-25.2,16.6,-5,-24,32.4,-9,-16,27.2,-35,-17.8,-9.2,13
599.62,5.2,5,-29.8,6.4,-19.2,0.8,13,16.2,5.4,8,-10,19.8,-1,-10.4
600.1,27.4,-5.2,24.4,5,31.4,-21.8,12.8,38.6,-15,2,-8.6,39.8,-16.6,-19.2
600.58,37.2,22.6,-38.8,15.8,20.2,-11.2,-1.8,26.2,51.8,-10.6,18.4,-29.8,-19.4,-4.2
601.06,-0.8,-22.6,-21.6,-12.6,31,-1.4,35.8,-19.2,-25,14.6,-36,2.4,-8.4,9.8
601.54,29,4,34.6,-29.2,11.2,32.6,2.4,17.4,-7.6,-19.4,5.8,5.6,22.8,14.2
602.02,13,-19.4,0.6,-27,4.8,4.4,-2.8,7.8,28,15.6,-6.8,-25,18.6,-7.2
602.49,26.6,0.8,-2.4,14.2,17,-14,-6.8,-1.8,-10,17.2,19,-12.2,9.6,-25.4
602.97,-4.2,-22.4,1.4,5.8,-9.2,0.6,5.4,-7,-26.4,2,-22.4,11.4,-0.6,1
603.45,15.4,17.6,-9.2,-18.8,20,-12.2,3.6,13.8,-16.2,-19.4,3.8,0.6,23.8,13
603.93,34,-13.2,-13,25.4,32,-10.8,5.4,-12.8,28.6,-21.4,-17,-18.2,24.6,4
604.4,19.4,13.6,21.4,-0.2,24,-1.8,16,26.6,30.4,0.2,-20,26.6,5,11.6
604.88,-19,16,-0.8,8,-12.6,-18,18.4,15.8,3.2,13.4,15.4,2.4,-19.4,39.8
605.36,-10.8,-21.2,43.4,41,-9,18.8,-46.6,-25.4,-3.6,18,1,29.4,5,26.6
605.83,-4.4,4.6,14.2,10.8,7.2,23.4,6.6,2,-6.8,24,-18,6.8,8.6,28.8
606.31,-11.8,25.8,24.6,-6,-26.8,-34,-7.2,-8.6,18.8,14.4,-31.4,-17.8,-17.8,26.4
606.78,13.6,7.6,26.8,-9,9.6,11.4,-1.8,15.8,27.8,0,15.6,9.2,15.4,18.4
607.26,6.8,3.6,-18,-6.6,-5,-5.8,16.8,12.6,-29,5,14.4,4.8,24.6,26.4
607.74,-27,-34.8,6.8,-3,-8.8,49.2,20.4,-22.6,-5.2,7.4,8.4,0.2,4.4,-33.4
608.21,-19,-32.2,-5,-28,3.8,-14.4,-35.8,10,-14,-75.2,0.6,29.2,24.8,20.8
608.69,-19.6,-19.2,-6.4,15.6,6.6,9,4.8,45.2,-23.4,15.6,-10,-1.6,45,23
609.16,-38,-6.2,5.2,-20,2.8,30.2,12.2,-8.2,-6,-10.8,42.2,22,-3.8,-13
609.64,-10,29,4.2,-2.6,-19,-39.4,28,-1.6,-4,-7.4,14.8,15.8,36.2,23.4
610.11,-41,21.6,9.4,-5.2,12.4,-8.4,23.4,25.2,3,-15.2,33.2,18,41,6.6
610.59,16.8,21.8,19,14.6,7.8,14.8,18.8,20.6,-30.2,4,-3.8,-9,-13.4,20
611.06,-30.6,34,30.4,-6.6,18.4,5.8,-6.2,2.2,5.8,23.8,2.2,1.4,-5.8,7.6
611.53,-3,24.2,15.8,-6.2,0.2,-25.4,13,27.2,17.4,22.4,-11.8,-16.2,-7.8,-3.2
612.01,25.2,-24,9.6,10.8,13.8,18.2,-10.6,-9.8,35.2,17.2,-49.6,8.6,-28.2,-12.4
612.48,21.6,-25.2,13,-1,-29.4,31.6,-22.2,-10.4,15,16,-5.4,1,-8.2,-0.4
612.95,17.4,58.2,3.4,13.4,-8.2,-31.2,18.4,15.8,15.2,13.8,-3.4,3,17.2,16.6
613.43,-20.8,-29.4,-13,-3.6,9.4,-10.2,-18.2,-0.8,-4.4,3.6,-11,28.4,13.2,27
613.9,-10.8,7.8,-19,-0.2,33.6,-8.8,1.8,-37.8,12,61,-18.2,-7.8,6.2,24.8
614.37,12,25.6,1.8,-3.8,8.6,5.6,-24,21.2,-34,4.4,-12,30.6,-5.2,-13.8
614.84,-2.8,-10.4,33.8,23.6,-11.6,-0.6,-27,4,-14.6,-18,-15.6,-24.2,65.6,4.6
615.32,-22.8,-8.2,18.4,14.8,19,-23.8,3.8,-6.8,-2.4,-25.8,3.6,-11.8,-15,-34.2
615.79,-33.6,14.6,22.6,-9.8,0.8,-25.4,18.8,7.2,-15.2,-19.4,25.8,-7.2,-25.4,-18
616.26,15,10,-3.2,-22.8,-17.8,-0.4,49,-1.8,21.4,36.6,11.8,-6.2,-12.2,38.8
616.73,5.6,-17.6,21.2,13,18.2,5.8,22.6,-12.2,26,11.4,9.2,-18.6,23,19.2
617.2,-18.4,-11.6,21,-23.6,19.6,34.8,-11.4,-19,18.6,-14.2,-30.2,26.8,15.6,-1.4
617.67,29.8,-43.4,12,16.2,5.2,31.6,-16.6,6.4,17.8,-11,-25.6,-18.4,-15.4,7.4
618.15,26.8,-3,-0.6,-14.2,14.2,21.4,18.8,-7.8,11.6,-12,-36.2,-34.4,-14.6,-29.4
618.62,26.4,-6,-28.4,32,23.8,-3.4,2.6,6.8,13.4,-6.2,3,9,-13.8,23.8
619.09,-14,34,8.4,-45.4,-16.6,-7.4,10,-11.8,11.4,-10.8,-4.4,1.4,7.6,-2
619.56,-12.6,20.8,6.4,16.6,-15.8,-3.8,-0.6,1.4,-4,37.6,-4.6,-11.8,25.8,26.6
620.03,-26.4,13.2,-5.6,28.8,2.4,-3.2,-17.4,2.2,23.2,-7.8,-3.6,0.4,-13.6,7.4
620.5,21.2,15,-11.2,1.4,-21.2,-7,-17,-20.6,16.8,9,19.8,5.8,-15.6,-32.6
620.97,14,-46.8,-16.4,11.8,6,-7,-31.8,-19.2,9.6,7,-16.6,2.6,9.6,-3.2
621.44,-10,-5.4,-20.6,9,-9.4,4.8,-12.2,-31,11.2,-3,6.8,-49,-7.2,-16
621.91,-2.4,-43.2,-5.6,-6.8,14.2,3.4,21.4,-53,33.8,13.2,14,-14.4,-1.8,-10.8
622.37,-12,-11.6,-16.6,-7.8,-37.8,13.8,-1.8,2.2,25.6,-12.8,-4.6,-14.8,6.6,29.2
622.84,-6.6,4.8,-27.2,-13.6,5,-20,4.8,-0.8,-4.2,-23.2,26.4,5.4,5,5.8
623.31,-2,8.8,-9,-10.8,-36.8,2,24.2,-30.8,15.2,-26.2,57.6,33.8,4.6,-3
623.78,12.4,16,-0.8,10,35.4,-16.4,7.2,-18.2,39.8,-12.6,-18.2,26.6,26.4,29.6
624.25,14.4,36.2,33.8,-33.4,38,6.6,-10.2,21.4,-27.8,-4,-15.6,2.8,13.2,-9.8
624.72,12.2,-7.2,-10,26.2,5,11.2,-5.2,27.2,-29.6,5,-17.6,-2.4,-30.2,-17.6
625.18,23.8,-20.4,-5.6,-9,-15,46.8,-35.4,-37.6,30.6,26,-25.2,12.2,4,-17.8
625.65,-8.8,-8.4,8.4,25.2,-6,-39.4,33.2,-5.2,8.4,7.2,-28.4,26.4,10,3.4
626.12,-5.6,-9.8,-4.6,-9.4,29.4,-26.6,-13,-9.6,-50.2,3.8,-18.8,-4.6,41.4,-3
626.59,-33.4,-17,-6.2,5.2,-33,-6.6,38.8,9.2,-49.8,-12.6,10.8,-16.2,39.6,-11.6
627.05,-1.2,23.6,14.6,-6.8,-2,-37,-27.4,11.8,-15,-14.8,17.2,-52.4,24.2,16.8
627.52,6.4,-17.8,-3,33.6,17.6,-17.2,-9.4,-12.6,-24.6,17.6,-9.6,-44.8,-23.4,-14.6
627.99,1.4,12.8,24,10,7.8,2,-18.6,13.4,-40.2,8.6,-1.8,-4,7.8,8.8
628.45,10,-12.4,-23.8,7.8,-4.4,-13,-2.8,6.4,-31.4,-7,34,11.2,29.6,-27.2
628.92,-2.2,17.2,-41.8,-9.6,50.6,11.2,-18.2,12.2,12.2,8.4,-10.8,40.6,-31.4,-9
629.39,-9.8,-1,-37,-11.4,30.6,-21.8,25.4,-9.6,-4.2,0,21.2,33.6,-23.6,-32.2
629.85,9.8,12,5.6,2.6,22.4,3.4,-13.8,7.8,-22,12.6,25.2,19,-17.4,-1.4
630.32,-26.4,-16,25.8,-12,57.8,-11.8,-24.8,-2.4,0.4,1,8.6,-15.4,2,-15.2
630.78,14.8,-6.2,-4.2,-11.6,9.8,-2.4,-6,4.6,-1,-20,1.6,13.4,40.6,6.6
631.25,23.2,13.2,-36.6,-9.2,39.2,-21.2,36.8,40.2,26.6,-27,-39,28.8,-0.8,1.6
631.71,4.4,-11.8,-17,6.4,8.8,-2.6,-14.8,24,-1,8.2,-9.6,37,-26.2,-17
632.18,-7,45,-8.4,-16,-8.8,24.4,12.4,3.4,13,-6,22.8,10,7.2,-5
632.64,19,18.2,34.6,19.8,23,20,0.4,0,-21.2,-13.2,10.6,-21.2,-0.8,26.8
633.1,3.6,36.4,-26.2,22,27,6.2,18.4,14.2,29.6,-9.6,11.2,17,7.4,8
633.57,18.6,-7.8,-16.8,-1.2,-36.4,-17.8,13.6,23.6,-18,-7.6,10.2,-9.2,26.4,-8
634.03,2.6,-8.6,-5.6,-4.6,-11,3.2,11.4,-3.8,-2.2,-7.8,-42,0.4,-13.8,5.4
634.5,3.6,-16.2,18,-19.2,10.4,-25,30,-24.4,7.4,-9.2,18.2,33,-22,16.4
634.96,23.6,17.8,25.8,-18.8,13,-20.2,33,4.6,14.8,30.6,6.2,20,18.2,-8.4
635.42,-10.6,-23.4,6.8,8,-30.8,10,-32.8,0.6,62.4,18,-23,-1.8,13.4,-22
635.89,-32,-15.8,-22.2,8.8,-42.6,8.2,8.8,9.8,-1.4,-0.2,-2,-2,-12.6,0
636.35,2.8,-9.2,37.6,-28,1,-7.8,-29.2,-41.4,7.2,18.6,11.4,1.8,-40,-12.4
636.81,0,7.6,-5,-6.4,15.4,-14,-6,-6.6,10.4,28.6,0.6,-4.6,3.2,9.4
637.27,-30.2,16.2,-24.6,-6.2,37.2,-11,16,-10,17.6,-29,4.2,30.8,19.8,-13.2
637.74,-30.4,-16.4,11.2,-4.2,45.4,-22,-6.2,-22,5.8,-7.8,-16.4,17.4,-8.4,-16.6
638.2,-6,2.4,21.4,-5.4,16.8,-33.8,0.6,-11.2,-22,-13.4,52,35,14.8,12
638.66,12.4,12.8,-17,-8,-17.6,-7.4,3.2,-11,-16.8,7.4,28.6,14,-4,-1
639.12,3.4,6.4,36,-7.6,-1.6,-10.4,19.8,5.2,-8.4,-3.2,37.6,16,7.4,29.2
639.58,20.4,-17.6,-0.2,5.8,26,29.8,26.8,-10.6,26.8,-21,-3.2,19.2,10.4,12.6
640.04,3.2,6.2,-7.8,-15.8,-8.2,4.6,9.2,9.8,-16.4,3.2,-14.6,1,7.4,-20.6
640.5,-14.8,-4,-6.8,-3.8,12,32.8,24.6,-4.6,-37.6,-30,9.8,-16.6,3.6,-0.4
640.97,-1.6,5,-24.2,-12.8,6.8,19.2,-11.6,-6.2,1.8,4.6,2.2,34.4,37.8,-34.8
641.43,34,-28,16,2.2,3.8,-25,1.2,9.8,16.2,-11.6,5.8,30,-9.6,40.4
641.89,-9.8,10.2,-17,22,-26.2,-15.4,41.4,19.8,13.2,-8.4,18.4,40.8,34,25.4
642.35,-2.6,18.8,-16.8,15.6,-11.8,-9,-8.8,-5,12,12.4,-8.8,10.6,8.2,7.4
642.81,-16.8,-16.6,15,24.4,-29.4,-24.2,-27,-11.2,18.4,-27.2,-14.2,20.2,-5.2,-17.6
643.27,22.2,-7.4,-9.8,1.4,26,7,10.4,-41.2,5.2,4.4,-50,19.2,15.8,-25.6
643.72,-18.2,15.2,36.4,4.4,-16.6,-8.8,-12,-24.6,5.6,15,-29.2,-55,9,-0.2
644.18,16,-21.6,20,-40.6,-2,-8.4,7.6,-9.6,28,-8,6.2,-4.8,-15.8,13.4
644.64,30,19,14.8,9.6,5.2,-13.8,19.8,5,17.6,-10,8,17,-17.4,-27.6
645.1,-2,-3.6,-0.6,-9.4,-7.6,-23.4,22,-7.4,22,9,0.6,19.8,1.8,-27
645.56,23.8,-4.4,-15.8,-1,-4.4,-6.6,-29,-9.6,14,11.4,14.2,8.4,-8.4,12.8
646.02,-12.6,3.2,22,18.8,-5.2,9,-9.8,4.2,-19.2,34.8,12,14.4,19.4,13.8
646.48,-7.6,-3.8,13.4,7.4,-15.6,-17.4,-7.4,-17,14.4,31.8,-1.6,32.8,-5.8,-20.2
646.93,25.6,-3.8,-13.4,19.8,6.6,-2.2,4.4,-3.6,11.8,14.2,11.6,-17.4,-6.8,-7.2
647.39,15.6,-16.6,-9,18.2,13.6,-1.6,-20.8,-29.4,19.8,27,-4.2,-13.6,-27.6,-6.6
647.85,11.4,-26.6,10,7,-34.8,10.4,-5.8,10.6,37.8,-6.4,-6,4.8,-22.4,0
648.31,12.8,-22.8,-12.6,2,-20.4,24.8,32.4,-32.2,4,-20,13.8,-3.2,-33.2,28.6
648.76,-2,-21.2,3.6,-17.8,17,-1,-10.6,-12.4,15.8,-36.4,0.4,-19.8,-32,-55.8
649.22,-36.8,-7,-10.2,-3.8,10.4,10.8,0,-9.8,-17.8,-6,-8.2,-15.8,20,4.4
649.68,-6,24.6,19.4,28,-26,7.8,7.2,-5.2,-12.2,25,-16.2,-22,0.6,-28.6
650.13,-39.6,-6.4,-11.4,4.2,0,5,-15.6,15.8,-5.4,6.6,-6.4,-9.6,-16.2,38.4
650.59,21.4,20.8,-23.6,-26.8,-35.8,1.4,14,8.6,-21.4,-12.6,-9,-3.2,-32,14.2
651.05,-10.8,-15.8,2.8,15.8,31.2,-22.8,19,14,2,15.2,-28.2,22.4,-11,45.8
651.5,1.2,-12.2,-24.8,2.4,-8,28.2,-11.2,-16,-12.4,-2.4,-20.4,20.2,5.4,2
651.96,11,0,1,24,-27.8,9.2,22.6,0,7,25.6,2.8,27,-32.8,20.2
652.41,-6.2,-14.6,-19.6,25,22.2,23.2,27.2,3.4,-51,22.6,11.8,-1,-22.6,-33.4
652.87,-7.2,34.8,-14.2,-46.2,11.4,-16.6,-9.6,-33.4,7.2,-11.4,-29.4,13.2,7.6,-1.8
653.32,1.4,-26.6,-11,-31.2,51.2,23.2,7,20.4,26.4,21.4,7.6,10.8,-1.8,-4.2
653.78,17.6,10,-27.4,-9.2,-0.2,-1.6,21.2,15.2,10.2,0.4,2,16.4,8.4,-11.4
654.23,-5,6.4,32.6,29.2,18.4,14.6,-43.4,16.6,-25.4,3.4,14.8,36.2,-33.2,-21.4
654.69,-20,-0.8,19.8,6.2,7.8,31.4,1.6,-3.6,-8.4,-32.6,5.4,-13.4,27.2,10.6
655.14,-14.8,-9.6,13.4,7.8,2,32.4,-2.4,-12,35.4,-9.2,29,22.4,7.4,12.2
655.6,-15.8,15.2,-10.4,35,33.6,-36,-3.4,-9.8,0.4,6.8,39.4,-1.6,30.2,23
656.05,-2.4,48.4,33,-9,27.2,-19.2,1.6,-18.6,20.8,-19.2,11.4,9.6,-5,-17
656.5,17.8,24.8,-11.2,-15.2,22,-24.2,-16.6,5.6,-35.6,-2,-11.2,-9.6,-2.4,2.2
656.96,-18.6,9.6,-11,5.2,48.2,6,36.8,3.8,18.4,-2.6,23.6,13.4,-24.6,13
657.41,40.2,3.4,-7.6,-27.2,-16.4,25.4,28.8,46.6,6.4,-11.6,10,-2.8,-9.4,-7.2
657.86,21.8,24.6,16.6,18.8,34.4,8.6,3.8,-0.6,-35.4,-5.2,15,15,3.4,20.6
658.32,1,26.6,8.6,-7.4,41.8,-8,-2.8,-11.8,15.4,-16.8,-2.4,-30.8,-3.8,26.6
658.77,-23.2,2.6,13.6,-14.8,11.6,11.6,14.6,-13.2,28.2,-22.4,16.8,-28.6,-3.8,22.2
659.22,14.6,-36.4,10.8,-5,13,14.6,18.4,-7.8,-5.2,-14.8,-25.6,-3.4,20.8,37.6
659.67,0.4,-35.2,4.6,-21.8,17,-0.4,-15,28.8,29,-3.2,-1.4,-6.2,40.6,5.6
660.12,-28.4,0.6,29.8,9.6,-32.4,18.4,-6.6,14.6,21.8,-1.8,-4.6,3.2,6,-4.6
660.58,5.2,-29.2,-1.6,9.8,26.6,-4,16.6,-28.6,31,11.2,31.6,21,-12.2,24.2
661.03,7.4,-14.4,-26.4,-50,0.4,22.8,-21.6,-37.6,10.6,-14.2,9.2,9.2,23,13
661.48,-1.2,16.8,-16.4,-10.8,-1.2,10.6,-2.6,5.8,6.8,-7.2,-14,13.4,27.2,18.8
661.93,22.2,-30.6,1.6,-30.4,9.6,6.4,-5.4,7.4,-16.6,-36.4,-23.8,45.8,-2.2,-12.8
662.38,22.2,-14.6,15.6,-1,12,35.2,3,-29.8,1,-14.8,-4.2,-4.6,0.8,-15.4
662.83,-3.6,-2.8,18,-3,5.8,-24.8,13,9.4,26,-1,5.2,-17,19.2,2
663.28,-12.2,17.4,14.8,6.8,-11.2,-18.2,1,37.8,-21.8,2.4,18,-13.2,9.2,-23.6
663.73,-2.4,-19.6,16.8,26.8,-20.2,-13,-9.4,13,-7.2,-21,27,5.4,0.2,-22.6
664.18,12.4,25.6,1.6,-4.6,2.2,15.8,6.4,26.8,6,7.4,5.4,26.6,4.8,-1.2
664.63,28.6,-29.8,-23.8,21.4,17.6,50,16.8,25.4,-13.8,9,-4.8,-15.2,29.2,-6.6
665.08,-17,7.8,-2.8,-9.2,-1.2,24.8,-11.4,59.4,26,35,-14.8,-20.4,22.4,5.8
665.53,-17.8,-8,4.4,-2.4,11.2,12.6,1,20,-3.6,10.6,-5,34.6,28.4,9.4
665.98,8.2,-2,7.2,-7,-11,-9.2,2.2,-35.2,-0.6,-9.4,-7.2,40.4,23.8,41.2
666.43,9.2,-20,-7.4,-25.4,-6.6,-2,12.6,4.6,-21.8,-12.4,-12,21,7.6,37.6
666.88,22.4,11.2,55.8,20.4,18.4,-25.2,-8.2,-20,8,34.6,1.8,-25.2,9.6,-8
667.33,-51,-36,-8.4,2.8,21,-12.4,-9.8,8.8,-37.6,4.8,28.8,36.4,20,5.4
667.77,-26,-6.6,-2,8.6,-5.4,-19.6,-1.6,19.8,16.4,-16.6,1.6,-17.6,2.6,4.8
668.22,-1,0.8,-23.6,-7.8,15.6,16.4,-9,17.6,23.2,-6.4,-21.8,18.4,14.6,12.4
668.67,14,-5.2,14.8,-14,18.6,-21.4,-9.4,1,24.6,11,22,15.4,-5.2,-29.4
669.12,6.8,-29,20,26.4,-0.6,23.4,29,41.8,8.2,17.2,49.4,-0.6,-20.8,13.2
669.56,23,-16.6,36.6,22.6,8.2,20.4,-10.2,8.8,22.4,13.8,13.6,27.6,-26.4,-7.4
670.01,-1.8,-16.6,-16.4,-30.8,6.2,15.8,-12,5.4,2.2,35.2,17.8,16,14.2,4.2
670.46,-18.2,-23.6,-10.6,-32.4,-17.2,-2.8,-17.2,0.6,16,8.8,-0.4,3.2,16.6,38.8
670.91,-42.8,14.6,-18.8,-11,-24.4,-19.4,13.4,-8.6,-6,-6.2,-18.4,11.4,-30,-2.2
671.35,-11,17,15,-23.8,-8.2,-2.2,6.4,10.6,-3.8,-10.6,1.2,-0.2,2.2,-16.6
671.8,-2.6,15.2,0.6,1.6,8,4.2,23.6,23.2,25.2,-1.6,-5.4,13.8,-35.4,10.8
672.25,1.8,-10.6,-10.2,25.4,-24.4,5.6,-20.6,-19,-5,9,-25,-21.4,-14.2,37.4
672.69,-4.6,10,7.8,7.2,-0.6,-0.2,-17.2,-2,-7.6,44.4,40.8,-6.2,17.6,55.8
673.14,12.8,4.4,-19.2,-11.2,-41.8,-6.6,5.8,-10.4,-29.6,8,-18.2,5.8,12.8,-6.6
673.58,41.8,10.8,31.8,-9.2,26,-4.4,1,-2.8,-31.6,-16.2,-1.4,-25.6,-12.4,24.6
674.03,4.8,-30.4,-15,-1.4,-5.2,10.8,4.8,17,19.6,-30.2,10.6,5,-25.4,17.4
674.47,28,7.4,1.4,-23.6,-25.4,-11.6,-1.8,10.2,26.4,13.2,-17,5.8,15.8,15.4
674.92,16.8,3.8,-41.6,-17,-31.8,10.4,-21.2,21.6,-10.2,-10,2,2.2,1.4,-23.8
675.36,-4.8,17.4,12.6,14.2,-30.2,4.4,-6.6,-2.2,-29,16.6,-5.8,-13.6,-13.4,9.6
675.81,29.4,-5,7,-24.8,12.6,-25.8,13.4,-34.6,-19.6,-10.8,-17.6,4,46.2,21.6
676.25,-1.4,11.8,10.2,19.2,-27,10,-14.4,14.2,-1.2,4.4,-19.4,30.6,-21,15.2
676.7,4.4,-24.2,-12.4,34.4,-8.4,-17.6,-10.8,21,36.6,15,6.4,8.2,-18.2,-0.6
677.14,-8.8,-20.6,-5.6,-1.6,-3.8,-6.8,-20.4,7.2,31.2,-11.2,-10.4,40.2,-17.2,1
677.58,-5.8,5,13.8,-11.6,-14.2,6,-1.6,-3.4,-12.8,-5.6,-26.8,3.2,4.2,-19.8
678.03,-18.2,-43.6,-0.2,-6.6,16.6,-8,-10.4,-0.4,-12.8,-2.4,-22.6,36.6,15.8,38
678.47,-1.4,-29.2,-3.2,-40,22.8,29.4,24,26.6,-26,32.8,18,53.4,4.2,24
678.91,16,-19.8,-3.6,-9.2,-0.2,-29.6,-27.2,-27.4,-5.8,-3.4,-31.4,42.6,0,-13.8
679.36,35.2,18.2,-19.4,1.4,8.8,-5.8,14.4,-11.8,21.2,-14.8,-21.2,-3,31.4,17.6
679.8,-40.2,19.2,-15.2,-8,-27.6,-22.2,6.8,-33,22.2,49.4,-15.2,-11.2,-6.4,1
680.24,6.8,17.6,-22,-22,-12.8,-1.8,-13.2,2.2,-9,-2.6,3.4,41.8,-41.4,-27
680.68,14.6,26.4,0.6,5.2,-3.8,-38.2,-29.4,7.6,-10.6,1.8,30.6,18.4,21.4,-14.4
681.12,16.2,-4.8,-39.4,-21.4,-18,-1.6,-4,34.8,15.6,-4.2,-10.2,14.2,12.4,-16
681.57,-13.4,-6.6,-3.2,-8.6,-26.2,-26.2,28.4,29.4,-11,-20.6,1.2,37.8,4.4,1.8
682.01,6,1,2.8,-5,12,24.8,24.6,13.8,2.6,-15.8,0,22,39.6,22.6
682.45,6,-1.8,44.2,-17.6,23,2.8,4.4,-13.6,16.8,-1.8,-38,20.8,8.2,-11.2
682.89,-7.4,-8.2,17.8,10.2,-16.8,34.4,7.6,6.6,-3.8,5.4,3.4,-8.4,9.2,4.8
683.33,18.8,-0.2,16.8,17,-15.8,-4.4,16,-30,3.8,51.8,-2,1.2,14.2,4.2
683.77,8.4,15.4,24.8,5,19.2,1.6,-19.6,7.2,-2,6.6,-1.6,-20.4,-2.2,-0.6
684.21,14.4,-23.2,47.6,29,13.8,12.6,6.6,31.8,-29.6,-8,-9.2,32.6,9.2,8
684.65,-8.6,-46.2,-11.6,-6,23,-17.2,-7.6,24.6,-6.8,-28.8,5.8,31.6,17.2,-18.2
685.09,-8.2,-14.4,-24.6,-18,-16.2,1.4,-21.4,-20,-7.2,-15.2,-29.8,5.2,-14.2,26.6
685.53,-6.2,19,-30.4,19,28.2,-4.6,-5.4,-17.4,-14.2,4,-16.2,59.6,2.2,53
685.97,16,-16.2,-6.8,2.2,37.6,17,-2.2,-19,-19.8,-12.2,-57.2,37.6,-18,-6.6
686.41,0.6,33.4,15.8,46.2,-29.2,24.2,2.8,-25.4,-28.8,2.4,-29.2,-17.4,4.8,0.4
686.85,-37.2,21.6,-11.2,-8.6,13.8,35,3.4,11.8,3.6,30.4,-17,-26.8,-37.8,20.4
687.29,16,-14.2,25.2,13.8,13.4,-16.2,12,-11.6,2,-4.8,-31.2,-7.6,-18.6,19.2
687.73,-14.8,21.8,-9.6,-13.2,-4.6,-5.2,20.2,13.8,-20.4,-20.6,25.2,21.8,31.8,9.4
688.17,22.4,1.4,19.2,-14.8,-14.4,-19.2,40,-2.6,16,-16.4,14.4,-11.2,-21,-1.8
688.61,13.8,-3,-3.8,-13.4,-50.2,11.2,25.2,-4.6,8.6,18.8,16.8,16.8,-26.4,5.8
689.04,-42.2,25.6,3,-6,-20.8,7.4,-3.4,-13.4,8.8,18.4,-3.4,-23.8,12.2,0.4
689.48,-2.6,-12.8,3.6,-5.6,-4.6,17.4,3.2,-6.8,-11.4,-6.4,-44,26.4,32.8,-25
689.92,-11.8,26.4,-8.4,-43.4,-5.2,19.2,-8,47.6,-7.2,25.2,-18.2,4.4,-19,32.2
690.36,17,6.6,-20.8,30.8,17.2,3.4,-13.6,20.8,19.6,4.2,-1.8,-2.6,6.2,-19.4
690.8,12.6,-0.2,-30.8,-2.6,27,-1.4,6.8,18.8,7.4,-25.2,12.4,29.8,-2.6,-4.2
691.23,2.6,14.2,-17.8,-4.4,26.6,14.6,-11,-23.4,-22.8,-28,-12.2,-20.4,-12.4,6
691.67,-24.2,6.4,-31.2,13.6,-10.4,-31.4,-28.2,3.4,4,17.8,-7.6,-14.6,9.8,15
692.11,-6.6,-24,-16.2,19.6,-2.4,-22,-18,11.2,37.8,-6.2,-15.2,12.6,16.4,-2
692.54,-8.6,-15.8,18.6,-4,8.4,34.4,16.8,23.6,3.8,-13.2,12.8,7.8,24.2,-11.2
692.98,-6.2,6.2,-2.6,0.6,1.6,-5.8,-20,17.2,7.2,34.8,-17.8,5,2.6,16.6
693.42,-1.2,-9.2,25.4,-38.6,1.6,-43,-10.6,-20.6,-43.4,23.4,25,7.4,15.8,-13
693.85,-4.4,28,13.8,-4.2,5.8,-11,-10.8,-6,-10,-17.2,-7.4,-29.2,53.2,-21.8
694.29,25,35.2,12.4,0.2,-18.8,-32.6,-25.8,-13.2,-17.8,-18.6,22.8,-43.2,17.2,-5.8
694.72,1.4,5.4,2.2,-3.6,-8.8,-20.2,15.8,5.8,-31.8,-20.4,22.2,2.4,27.6,-8.4
695.16,0.8,-4.2,28.6,0.4,17.2,-3.4,4.8,1.8,-3.4,26.8,-12.4,6.6,18.2,16
695.59,18.8,42.8,28.8,4.2,21.4,-19.4,17.8,-25.2,-20.8,13.2,-0.6,11.2,28,34.6
696.03,20.8,11,27.2,1.4,-19.4,-19.6,-3.8,-28,-11.6,24.8,4,-13.4,-32.6,11.2
696.46,-26.4,3.2,9.8,8,-6.8,1.2,-4.4,-13.2,14.6,0.6,14.2,17.6,30.6,-2
696.9,-5.8,-13.6,1.6,-31,-3.2,2,-20.8,-11.4,34.6,13,-28,3.4,-9.2,2
697.33,-6.6,-3.8,-3,-8.4,-3.6,10.2,-24.6,13.8,29.8,-11,-3.8,-22,-8.8,22
697.76,3,14.6,-2.4,-4.4,1,7.4,23.4,5.4,27.8,13.2,11.6,9.8,-15.8,23.2
698.2,10.6,1.8,-32,-2.8,9,-22.6,6.4,-13.8,2.6,2,-2.2,-3.8,21.4,6.8
698.63,-3.4,14,10.6,-13.2,-15.6,-26.8,17,-6.2,3.8,-18.4,-33.8,-20,29.6,26.6
699.07,27,3,22.2,19.8,-18,18.2,17.8,-9.6,-20.2,-41.2,26.4,-19.6,-9.6,27.2
699.5,-23.4,-9.6,-6.2,9.8,-11.2,11.8,-11.4,-18.8,-2.8,-38.8,39.4,11,6.8,7.6
699.93,-2,7.6,0,5.2,27,0.2,6,-43.4,-3.6,-8,-25.4,-28,4.2,-4
700.36,1,-0.2,-13.6,21.2,32.6,0.6,21.6,-14.4,16.8,-15.4,0.4,-20,4.2,11.4
700.8,-43.2,18.4,-17,0.2,-17.6,9.2,13.6,7.8,-31,-8.2,50.4,-18.2,-6.6,-4.8
701.23,-27.8,23.6,-3.8,2,-19.8,11.6,19.8,6.2,-17.2,9.8,-9,-22,3.6,-14.8
701.66,-6.4,5,5,-14.8,10.2,2.8,-38.6,11,-47,15.2,-5.4,37.6,-3.6,4.2
702.09,34.2,26.8,-8.6,26.6,-42.6,33.4,4.6,-5.2,-0.2,-34.6,1.4,37.4,10.2,-20.8
702.52,1.2,12.8,22.6,9.4,-1.2,-2.2,49.2,16.4,-16.6,-7.6,21.2,3,-5.4,-8
702.96,2.4,-12.6,11.2,17.8,18.4,22,6.2,-0.8,-26.4,34.8,-9.4,-14.8,-7,38.2
703.39,-9.8,5.6,16.2,-8.8,1.6,7.6,14.6,-14.2,1.6,5.8,-30,-1.4,-9.8,-1.2
703.82,26,-6.8,-37.4,1.6,6.2,11.6,-8.4,1.4,30.8,24.6,9.4,-30.4,-5.4,-7.4
704.25,0.2,13.6,-14.4,-5,15.8,-51.8,-7.4,-57.2,8,19.8,18.2,6,-4.8,-31.6
704.68,34.4,6,28,-35.2,45,-9.8,-13.8,3.6,9.8,-5.8,-15.6,-4.6,-14.4,-12
705.11,-0.6,-26.8,-2.8,-7,15.8,-23.6,4.6,-18.6,-21,7.4,-2.2,21.6,44,24.4
705.54,7,13,-14.2,-8.6,2.2,15.4,-16.2,-25.8,-13.6,34.4,-18.2,43.8,12.8,-8.4
705.97,17.4,-4.8,-37.6,-12,4.6,11.8,-15.2,-4.6,-0.4,6.8,2.2,13.6,-11.4,-3.8
706.4,-7.2,4,12.4,-4.8,6.8,3.8,22.4,-0.8,39.8,10.6,3.2,-27,22.4,-22.2
706.83,17.6,2.4,3.4,-6.8,2.6,27,-5.2,-4.6,18.4,-16.2,4.4,-16,-5.4,-27
707.26,36.6,11.4,-15.8,2.2,21.4,26.4,-28.2,-32.6,-11.2,-14.6,26.4,-13.4,11.6,-1
707.69,3.6,-26.2,48.2,-35.2,0.4,-2.6,-21.2,-5.2,1.2,-33.6,28,-5,16,-2
708.12,-2,3.2,-23,-18.8,18.6,-10.2,-3.8,-28,21.4,5,18.6,-20.6,8.4,-16.4
708.55,-4.2,15.2,34.4,16,20.4,34.2,-8.4,28.6,12.4,-37.6,-9.8,7.8,-3.2,-6.8
708.97,12.2,44,-7,30.4,16.8,-10.4,8.2,18,-6.8,-12.4,51.6,-3.2,-30.4,16.6
709.4,-9.6,19.6,26.4,-19.6,31.2,-18.8,14.4,-6,-11.8,-8.8,19,27,-2,53
709.83,-27.4,24.2,3.6,-37.2,4.6,-8.8,7.2,-3.4,23.2,-2.6,-15.2,14,12.2,53.4
710.26,-9.8,11,3.6,-32.6,-6.8,-8.8,42.6,-14.6,17.4,-9.2,18.4,48.6,11.2,15.4
710.69,10,27.2,-20.6,17.6,26.6,22.8,-3.8,-10.8,-1.2,30.4,10.6,24.4,6.6,2
711.11,-8.8,2.6,5.4,10.8,-5.8,14.8,-17.8,-33.4,-41.2,-0.2,20,19.8,-4.2,-22.8
711.54,3.6,18.2,-2.6,-8.2,-20.6,-2.4,-9,-33.6,-2,23.4,24.2,16.2,-14.2,0.4
711.97,-3.2,-7.2,-12.8,2.8,11.2,10.2,-5.6,-30.4,-6.6,-23,-39.2,7.2,17.6,5
712.39,-0.2,-11,18.2,42.2,-25.4,-20.2,20,-8.6,-38.2,5.4,-23.2,4.6,-11,-20.8
712.82,16.8,-21.4,14,2.2,38,35.8,6.4,-11.8,-9.4,-6.6,1.2,-18.2,3.2,-11
713.25,-46.4,22.4,-24.2,-6,5.4,25,-17.2,21.2,29.8,31.8,6.2,-20.2,-20,17.2
713.67,-6,-2.6,19.8,1.6,4.6,-13.6,-2,-12,34.2,-5.6,-4.4,17,-2.8,22.8
714.1,-21.8,-39.4,11.6,-10,-24.6,14,4.2,2.2,4,-13,26.8,10,-8,18.2
714.53,-39,-31.6,25.8,-26.8,32.2,43.6,-16,16.2,-8.6,24.2,12.4,24.8,34,16.6
714.95,-31.4,-7.4,0.4,-6,-0.2,18.4,-14.4,23.4,22,37.8,9.2,15,42.6,-4
715.38,0,1,16.6,11.4,13.8,-26.6,14,2.2,-17.4,0.2,38.2,11.2,-4,-23.6
715.8,4.4,12.2,19,-21.2,18.6,3.8,-33.4,-22.4,-4.4,-12.4,0.6,29.6,-6.2,-17.6
716.23,-11.6,31.4,-5.4,-0.2,-2.8,-13.6,-2.8,-13.6,-30.2,5,6.4,3.4,-32.6,20.4
716.65,-20.6,10.4,-7.8,-23.8,6.8,-13.2,17.4,3.2,3.8,9.2,-24,-17.6,12,-27.2
717.08,8.8,11,20.8,-10,-9.2,-14.8,25.4,4.2,-13.8,1.2,5,5,13,21
717.5,12.2,-4.2,-2,-61.8,1,1.2,-16.6,20.8,-9.8,-15,2.2,-4.8,4.8,45.6
717.92,17.8,-0.6,18,6.4,-2.4,-6.4,23.2,-1.2,13.2,26,6.8,-21.2,6.2,22.2
718.35,26.6,-11.6,23.4,-15.2,20.6,-25.8,-24.4,0.4,-26.8,39.4,17.4,5.4,26.4,7.6
718.77,43,1,-11.4,16.8,-4.4,-17.8,5.4,-22,-3.4,8.6,26.4,-14.2,-1,-34.2
719.2,19.6,-26.2,-47.8,1.8,-2,-16.2,9.4,17.8,7,28.4,17.4,15.8,-2.6,-20
719.62,-25.4,1.8,-16.4,-1.6,20.2,-7.8,-14.4,6.4,19.6,34.2,-4.8,5,-30.6,2.8
720.04,0,18.4,-19.4,28.4,-30,10.8,-8,33.8,-20.4,6.2,3.2,18.2,12.2,18.4
720.46,9,-41.6,-31.6,-10.4,-25.6,-28.8,-20.6,13.4,-5.4,5.2,0.4,-7,-1.8,4.6
720.89,6.6,-18,9.6,23.4,-20.6,-57.2,-12.8,-13.8,12.4,17.8,-23.4,-20.4,22,6
721.31,-14.6,-6.8,-51,-23.8,1.8,1.8,7.6,21.8,10,9.6,3,-19,-49.2,16.8
721.73,-23.2,-30.4,0.6,-14,7.2,22.2,4.4,-9.4,22,-9.4,0.8,6,-11.2,0.2
722.15,0.4,-46.2,13.2,-13.8,-14.6,-11.8,2.2,30,-8.4,13.6,-16.6,-31.6,-7.8,10.6
722.57,9.4,-15.4,-34.2,32.8,-8.6,-12.2,-35.2,1.2,-14,33,11.8,-23.2,-34.4,-2.4
723,-26.4,29,-18,25.2,13.8,33.4,-25.2,-8.6,0,-34,40,-30,-11.2,-18.6
723.42,-2.2,26.8,16,-2.8,15,-10.6,-12.2,9.6,4.6,-12,20.2,2.6,-8,13.2
723.84,-1,24.4,11.4,-25,2.4,13.2,26.6,-15,-14.8,-9.6,-19.6,-6.2,-24.2,11
724.26,0.4,8.2,8.8,-11.4,18.8,19.6,-3.4,-10.4,-0.2,26,-22.8,-0.2,-33,-28.4
724.68,-15.4,-0.2,-18.8,-8.8,-16,22.4,-0.2,12,22.6,35.8,5.2,1.6,3.8,12.2
725.1,-40.4,-17.6,3.8,-17.2,-23,27.6,-0.2,12.6,9.4,21.8,12.4,12.2,34,17
725.52,-11,-42.8,-16.2,-17,-26.2,5.2,-17.6,15.4,13.4,-3.6,7.6,34.4,20.4,9.8
725.94,19,13.2,-30.4,32.6,-4,-63.6,-15.8,-32.4,9.2,-8.4,-16.8,44,15.8,0.2
726.36,-7.4,-35.6,26,11.2,21.4,3,-11.4,-17.4,11.4,33.4,3.6,-5.8,-0.4,6.6
726.78,6.4,-12.6,-38,7,-9.6,24.6,-5.2,-33.4,14,31.4,-14,-10.4,-10.6,-21.6
727.2,-34.4,7.4,-10.6,-17.4,-27.8,27.6,1.8,35.2,-0.6,25.2,-55.2,18.6,3.8,-34
727.62,3.4,-6,20.8,9.2,-28.4,-12.4,-14.2,-3.4,10.4,0,-1.6,32.8,-8.2,-19.6
728.04,-12.4,6,-8,7.6,-8.2,24.4,-27.4,7.2,-14.2,52,13.2,-26.6,-29.8,-10.2
728.46,18,17.6,25,-7.8,-23.8,-7,16,29.8,4,12.8,19,-14,15,39.2
728.88,-15,35.4,32.6,3.2,14.2,-22.4,-1.6,8,18.4,-21.2,-3.4,19.2,7.2,0
729.29,21.6,4,19,22.8,6.6,-2.8,-3.4,9.4,29.6,26,21.6,-4.6,-8,32.4
729.71,-7.8,-5.2,19.4,6,37.4,6,13.4,-13,5.8,2.8,3,10.2,9.4,-27.2
730.13,8.6,4.4,-16,-12.6,31,10.2,24.4,-17,0.8,-4.4,-1.6,18,29.4,26.2
730.55,2.8,13.6,11,21.8,-12,-31.2,19,55.8,9.8,5.6,4.8,6,7.6,34.8
730.97,11.4,-3.8,-38.2,-1.4,-35,-1.4,9.6,8.8,-53.4,11.6,-30.6,-28,-1,16.2
731.38,-2,7.6,-12,8.4,-24.4,21.4,15.2,15.4,3.4,27.2,-15.2,16.6,-13.8,11.4
731.8,3.2,-2,-3.8,1,10,-24.8,29.4,-5.8,17,7,-41.4,-19.8,-31.4,35.2
732.22,33.8,-3.2,-0.2,0.2,8.2,-19.8,22.8,-16.2,-14.2,26.4,-20,-1.4,33,-12.6
732.63,2.8,3.8,-21.4,15.2,-10.4,10.8,21,3.6,6.4,0.8,-0.6,2.6,25.8,21.2
733.05,28.8,-29,-15.4,-16.8,12.4,0.4,-17.8,19,11,-33.6,-16.8,9.2,16.4,-17
733.47,-11,-12.8,-20.8,-6.4,-3,-23.6,1,31.2,8.6,-11.2,28.2,-14,10.2,17.4
733.88,23.4,9.2,2.8,15,18,-15,-14.6,7.2,10.4,2.8,11.8,-20.8,2.2,31.6
734.3,-9.6,21.2,9.8,6.6,-39,-21.8,19.8,-40.2,2.8,-9.4,-6.4,-12,9.8,5
734.71,19,8.8,-32.2,4,-15.4,26.2,3.2,-22.2,-47.4,13.6,12,11.6,-26.8,-10.8
735.13,-3.6,6.6,22.2,24.8,10.6,14.6,-1,0.8,-11,-17.6,-39.4,11.2,-17.2,25.6
735.54,-29.2,-4.4,50.8,5.6,-24.4,-9.4,-30.2,16,-9.8,29,-21.8,30.8,-4.4,-18.4
735.96,15,-2,18.4,29.8,-19.2,-14.2,4.4,31.2,-39,44.4,20.6,-41.8,-18,13.4
736.37,-16.6,14.6,-18,16.8,7,24.4,3.6,-4.8,22.4,-15,49,-1,47.2,-3.4
736.79,-13.6,11,-9,20,35.4,20.4,-7.8,-28.6,13.2,20,34,2.6,-15.6,2
737.2,17,15.2,-5.8,17,11.2,2.8,-4.8,4,7,-22,-5.2,20.8,7.4,-29
737.62,1.4,12,19.2,30,-12.4,-28,-25.4,3.4,-16.8,-4.4,38,-15.4,-31.6,3
738.03,0.4,20.6,-12.2,-22.6,7.4,-20.2,-20.8,9.2,3.4,-0.2,-18.4,-6.6,-2.4,-18.8
738.44,4.8,31.4,39.2,0,-4,-2,-2,-1.2,8.6,20.4,5,-1.4,2.2,6.8
738.86,-13.4,-1,38.8,3.2,-27.8,-17,-0.4,-29.6,11.6,21.2,9.8,17.8,27,26.6
739.27,-21.4,-20,0,2.8,29.6,4.4,-9.2,5.8,6.2,18.2,-12.6,21.8,-4.6,17.6
739.68,0,-6,-22.6,43.4,21,-28.4,32,26.2,-11.2,6.4,-25.2,12.4,33.4,-14
740.1,0.2,12.6,-24,2.4,4.2,5.4,51.2,31.6,2,2.6,21,-26.4,17.2,-9
740.51,-11.8,-25.2,-6.6,-10.2,5.8,19.8,-11.6,-0.6,-14.6,-21,9.2,5.2,1.4,13.6
740.92,-1.8,0.6,7.8,-25,-2.8,35.2,17.8,8.8,6.8,19.8,-21.6,0,25,-4
741.33,-3.2,5.6,16.6,9.4,-7.6,1.6,-23.4,-22.4,39.4,-4,-21.8,-13,-8.2,5
741.75,1.6,34.8,3,3.8,-16.2,-7.4,25,-10.2,22.2,29,-1.2,-16,-15.6,15.4
742.16,-26.6,4.6,19.8,3.2,-12.8,-17.4,-6.6,-3.4,18.2,31.4,-10.8,-23.6,-4.6,16.2
742.57,-8.2,-2.8,8.4,7.2,24.4,22.2,0.8,-28.8,-15,-26.8,17.2,4,-25.2,19.4
742.98,5.4,-22.8,-21.2,32.6,9,-13.4,9,-42.2,-22.8,19.8,-18.4,-6.4,-7.4,-14.2
743.39,-1.8,8.8,-23,6.6,5.2,33.6,-27.2,-2.6,-29.8,10.6,3.2,2.4,29.4,27.8
743.8,-22.8,-10.6,10.2,0.6,-1.8,-32.4,-60.2,-3.8,-16.2,-9.8,5,-10.4,27.4,3.8
744.21,-32.4,11.2,-17.6,14.4,-25,-14.2,-14,3.6,-34.4,16.8,1.4,7.8,16.4,31.6
744.63,-35.4,21.2,9.8,-2.2,-17,-7.2,36,-23.6,-17.8,12.6,2.6,-35,22.8,20.8
745.04,-30,-27.4,-18.2,-37.2,22,18.2,34.2,-28.8,-34.6,0.8,0.8,-2.4,5.6,-10.2
745.45,-2.6,16.6,-14.2,-2,11.8,5.8,-16,-44.8,-6.4,8.6,-2.6,-9,-3.2,-8.8
745.86,3.4,19.8,-6.2,33.4,4.6,18.6,9.6,-17.4,-25.4,-1.6,-14.4,-13,1,-24.6
746.27,10.6,25.2,28.8,24.8,12.6,15.2,13.4,7.2,-40.8,-16.4,-9.6,-12.4,24.6,-32.4
746.67,3.4,-18.8,15.2,16.2,19.2,15.8,33.8,-10.4,1.4,7.4,-4.4,-9.4,19.4,3.4
747.08,0,2,2.4,-4.8,20.2,-16.2,15.4,14.4,-1.8,-5.8,-1.6,17.6,14.8,-7.2
747.49,-3,5.2,10.6,36.4,23.8,-37,16.2,4.2,-21.8,17.6,10.8,-8,-20.2,3.2
747.9,10.4,15,-4.6,-3.2,15.4,9.4,3.2,-16.2,7.4,-9.6,-11.8,0.6,-36.6,12
748.31,-24.2,-15.8,50.8,6.2,22,-39,10,24.6,9.8,20.2,-3,13,-10.4,-18.4
748.72,12.8,19.8,11,-19.4,-6.8,-15.4,52.6,33.6,0.4,19.2,11.8,6.8,-9.6,14.2
749.13,-9.8,9.4,-8,-30,2.8,30.4,49.2,-20.2,27.6,10.8,17.4,11.2,28.6,-8.4
749.54,-13.8,-13.8,-42,-9.8,8,-38.4,1,-12.2,-9.8,-7.6,31.6,-31.6,-18.2,18
749.94,-15,-2.6,16,30,-34.6,-1.6,3.8,8.2,21.8,-20.4,-1.4,21.8,15.6,-27.8
750.35,-3.8,6,9.4,11.4,19.6,-3.4,-5.2,-0.2,21.6,-16.4,-8.6,-1.2,20.8,12
750.76,-19,11.8,9.2,-17.4,-14.8,-4.8,-11.4,8.2,-16.4,-29.6,-7.4,5.4,12.8,-8.6
751.17,-26.4,5.4,4.2,24.8,10.8,14.8,22.2,12.8,10,22.2,11.6,-6.2,16.2,2.8
751.57,13,3.2,-29.8,13.6,71,-4.2,-10.6,2.2,-9.6,8.8,4.2,-1.2,3.6,8.2
751.98,1.8,0,-26.6,-5.8,6.2,15.8,3.2,-14.4,-6.6,-31.2,16.4,-12.4,-4.2,4.4
752.39,3.6,26.2,19.2,-39.6,14.8,-30.8,-4.8,-15.2,28,-23.4,-2.8,6.4,-13.6,35.4
752.79,-5.8,15.6,-9,-17.8,-5.6,8,-10.4,3.6,-34.6,28.4,-8,-17,-19,-1.6
753.2,15.6,-3,3,-22.2,5.6,-10.8,33.6,-21.8,13.8,3.6,-14.4,-16.8,4.6,-4.2
753.6,-15.6,6.4,-23,-14.6,9.2,12,-39.8,-4.4,-8,-31,-6,-9,-3.6,39.4
754.01,-21.2,-13.8,-20,1,-25.2,-1,-15.2,15.4,-0.2,-9.6,-5.8,-11,1.8,10.2
754.41,2,-27.2,-6.8,-1.6,1.2,13.8,11.6,-4.4,-5.2,39.4,-17,-8.6,2.4,7
754.82,-17.8,3.8,-13,-26.2,-7.6,10,18.2,10.2,-3,13.4,-4.2,-27.8,25.6,3.2
755.22,-8,1.6,29.4,-12.2,-24.4,-3.8,-9.8,32.8,-8.2,5.6,20.6,-9.8,15.4,-13.4
755.63,15.8,14.6,5.6,-0.2,-11.4,23.8,-19,3.2,-7,23.2,9.4,4.6,-60.2,22
756.03,-29,-3.4,18.2,-12.6,5.8,27.4,3.4,45.2,-17,32,-12.6,16.2,1,-4.8
756.44,-6,24,-24.4,-19.8,16.2,-28.8,1.4,17.6,12.6,-7.6,17.8,-13.4,-11.6,9.4
756.84,-4.4,-19.6,-9.4,29.2,-3.4,-16.6,11.2,-4,29,15,46.8,13.8,31,23.4
757.25,-3.4,-14,-22.6,-3.2,-4.2,11.4,-41.4,-0.4,11,14.6,10.8,1,-30.2,2.6
757.65,-17,2.2,2,-7.8,1.4,-1.4,5.2,-2.8,-3.6,-9,-12.2,-18.4,2.8,-3.8
758.05,-20,-10.2,18.4,-2.6,13.6,-7.2,-4.8,-2.4,-24.6,13.8,5.8,3,0.4,8.6
758.46,7.8,30.6,-8,20.8,-29.4,-9.8,-9,-5.6,-17.6,20,-6.6,-26.8,2.2,18.4
758.86,-1,-22.6,0,28.4,-16.8,-17.2,-30,28.2,0.2,-22.4,-21.8,15.6,-6.4,13.8
759.26,-3,24.6,10.6,13.6,-45.8,-2.6,-1.2,-3,4.4,-15.4,-23.4,13.8,-6.6,9.8
759.67,-0.4,-0.8,-31.4,28.2,1.8,17.6,1.6,11.4,-5.4,11.4,23.4,3.8,5.6,-30.4
760.07,23,6,-30.2,11,-26,-21.2,-6.2,-2.2,2.6,-15.8,-2.6,-7.4,1.6,-19.8
760.47,-10.6,22.6,21.4,-5.8,7.8,-29,-7.6,15.2,7,-16.4,19.2,3.8,8,-20.4
760.87,3,5.6,25.6,17.2,-2.4,-9.6,-12.6,-4.2,8.2,33.4,-19.6,44.8,-19.8,2.8
761.28,-19.6,23,-35.4,-1.2,-30.4,24.2,-10.4,-17,-13.2,-7,4.8,-11.4,1.8,-24.2
761.68,-15.2,14.8,-28,21.6,-15.8,-1.4,6.2,16,-14.8,-7.2,24.6,-20.8,-8.6,35.2
762.08,-16.4,2.6,3.2,-11.2,23.2,24.4,3.8,1.8,-4.6,23.4,21.8,-2.6,11,28.2
762.48,-33.4,-4,-7.2,5.2,1,-13.4,-33.8,13.8,15.6,-24,-7.2,-9.2,29.2,4
762.88,18.2,-37.4,-9.4,-4,6.4,0,8.6,-18.4,14.2,4,20.6,-14.4,-7.6,-10.4
763.28,45.2,4.4,17.4,0.6,3.2,6.8,15,34.8,6.4,-16.2,9.6,2.4,0,36.8
763.68,-22.4,-1,12.6,-6.8,-13.2,28.4,-0.8,-29,-7.6,-16,3.8,13,7,29.6
764.08,7.6,5.8,-3.4,33.4,-31,8.4,8,-24.4,24.6,-1.4,5.6,-14.2,19.2,-19.6
764.48,35.2,7.8,-39,8.4,-6.2,-2.2,-8,31,22.4,19.4,6.4,25.6,34.6,31.6
764.88,8,4.2,-9.6,-28.2,-9.4,0,-11.2,-9.8,-24.2,14.8,5.4,-23,-7.8,25.8
765.28,-7.8,-8.8,2.2,-6.6,9.4,-4.2,0.4,31.6,-28.2,12.4,-7.4,18.4,4.6,-29.6
765.68,-15.4,-11.4,-3,15.6,8.4,-3.2,-43.4,16.8,-6,3.8,-33.4,20.4,2.6,8.2
766.08,-10.2,-14.6,-11.6,-12.4,8.4,-1.4,9.2,4.6,21.8,4.6,-17.4,1.6,9,12.2
766.48,-11,7.6,-6,-3.2,44.6,1.6,0,-31.2,-16.4,-23,7.8,4.4,-17,-2.8
766.88,-5.8,-3.2,-16.4,-9,-16,-38.6,19,15.2,-9.2,-12.6,12,8.4,-2.6,-10.6
767.28,1.2,6.4,-6,-20.6,-37.2,6.6,-3,6,3.8,10.6,-18.2,-15.2,14,-14
767.68,-15.4,11.2,-1.4,-13,11.8,18.6,-0.6,-16.4,22.2,15.6,-34.8,9.2,37,17
768.07,-8.8,-19.8,11.6,2.6,18.2,5,-0.6,-12.4,29.8,36.2,-11.2,18.2,28,-24.4
768.47,51.4,-30.4,14.2,-8.8,-9.4,-34.2,-27.2,3.4,-15.4,17.8,-0.6,33.4,15.2,-25.8
768.87,18.6,-15.8,-51,-7.8,-9,-7.2,-6.8,-1.8,42.2,-8.4,-22.8,7.4,12.2,25.6
769.27,7.4,8.8,8.4,-27.6,1.2,11,-19.2,22.8,12.4,-27.8,7,21.4,36.8,-0.6
769.66,7,-14.4,13.8,-8.6,-16.2,11.2,-26.4,46.8,5.8,3.8,-19.2,-20,11.4,23.4
770.06,4.4,-34.8,-7.6,4.4,-27.6,21.6,34.2,18.2,-18.8,-7,-35.2,-58.6,54,54
770.46,45.8,5.8,-4.4,-29.2,26,-15,-7.6,17.2,6,-15.6,-8.8,-13.4,-16.8,-11.6
770.86,-20.8,-16.8,18.2,-10.2,36,5.8,-1.6,40.2,15.8,9.6,-2.4,5.6,3.4,-2.4
771.25,3.2,-6.2,-7.4,3,23.4,8.8,-5.2,9.8,-8.4,2.4,0,9.4,12.4,-5.6
771.65,11.4,3,-30.8,10.4,7.2,13.4,-3.6,10.8,-34.8,9.2,12.6,-20.2,15.2,-27.6
772.04,-2,-14.6,-21.8,16.6,16.8,-11.4,-3.2,-7.8,28.8,-35,15.8,-5.4,4,-9.2
772.44,-21.4,18.4,-18.4,-41.2,-8.8,3.4,-12.8,0.8,-10.2,9.4,-0.8,10.8,-1.4,32.6
772.84,-4.4,20.4,-27,-28.2,24.8,-24.4,-19.6,24.4,14.6,7,15.8,7.6,-10.8,22.4
773.23,14.2,-0.4,-25.2,-13.2,28.8,-41,-8.8,17.8,-27.2,7.2,-4.4,-13,30.4,21.2
773.63,-6.4,7.2,-37.8,-5.8,-15.6,-1.6,9.6,41.4,-0.8,17.2,-18,13.8,24.2,36.8
774.02,11.2,-22.2,-6.2,16.8,2,-3.4,-10,13.8,-19,-19.2,-24.6,5.4,6.4,21.6
774.42,16,30.2,5.4,0.6,-18.4,-2,-5.4,-5,9.2,22.6,5.6,6.2,-19,-7.6
774.81,14.6,21.2,9.8,-11.8,-17.8,-0.4,11,-25,-23.2,8,2,-6.6,-29.8,-17
775.21,19.2,41,-23.8,-19.8,11.8,-16.4,20.6,-43.8,-11.4,-43.6,11.6,5.4,10.2,-1.4
775.6,-32.6,8.2,9.2,-21.2,17.4,27.2,9.2,-43.4,13.8,3.6,9.4,4,-36,-2.4
775.99,30.8,-28.6,-41.4,-5.2,5.4,6.6,-8.6,-14.6,-1.4,12,-30.4,2.4,-11,24.8
776.39,5.2,21.2,14.2,-29,37.6,-11.2,-9.4,-49,-14.4,-6.8,-23.8,10,46.2,26.6
776.78,-36.6,-16.2,11.8,-1,-21.8,20.4,-21.8,58.8,19.2,-18.8,-1.2,18.4,71,-5
777.18,-25.4,-18.2,36.6,2.6,17,12.4,18.6,-13.6,4.8,-9.4,12.8,-7.6,27.2,-24.4
777.57,10.2,13.8,-55,-16.4,14.2,-14.6,-0.2,1.8,17,-29,-11,-26,21.8,-35.8
777.96,-14,-37.2,-29,-49.2,1.4,-0.4,-18.4,8,-19.2,20,-40.8,3.4,-14.2,-15.4
778.35,13.4,-15.2,-12.6,-30,8.2,36,-35.8,-21.6,-39.8,-21.2,-17.6,-19.8,-37.6,-8.4
778.75,-12.6,-24.4,-17,-2.8,22.2,13.8,-22,-5.4,-29.8,-21.2,-0.2,30,-38,33.2
779.14,9,-5.4,-32.8,9.4,4.8,-10.8,36.4,-6,-7,22.8,-15.6,8.8,13.4,6.2
779.53,-16,18.2,0.8,-11.2,28.6,-13.8,-8.8,-17.8,-43.4,-4.2,-39.2,-38,-9,5.6
779.92,19.4,35.8,8.8,-7.4,3.6,-4.6,-19.6,-37.6,16.8,24,15,-14.8,18,7.6
780.31,20.4,3.8,40.2,-5.6,-12.4,-15.6,-26.4,-10.6,30.4,5.8,-14.8,17,-11.8,-11.8
780.71,-0.6,-6.4,-21,10.2,-5.8,6,-9.6,-23.6,1,-20.4,-11.8,-31.6,-18.2,10.6
781.1,0,-1.4,2.6,-11.4,-32.6,10.6,3.6,-5.8,-11,-6.2,-20.4,-18.4,-15.8,-19.4
781.49,8.6,-8.6,23.2,-0.2,5.2,15.6,24.2,15.6,-37.8,13.6,1.8,31.8,-6.6,-7.2
781.88,-3.6,9.6,-4.6,23.6,-1.8,-26.2,13.4,24.4,-19.4,2,11.8,6.8,-3.2,0.2
782.27,1.2,3.6,-11.2,5.2,10.6,12.4,27.4,37.6,-20.8,-37.8,-26.6,-12.8,5.4,-13.4
782.66,1.2,-13,22.2,22.4,2.8,-8.4,34.8,29.4,7.4,9.6,-19.2,5.6,35,-27
783.05,9,39.8,-22.2,-13,-17.2,-32.6,9,10,36,15,-1.4,-23.2,1,7.2
783.44,-22.4,21.2,-8.4,-0.2,29,3.2,15.4,1.8,5,16.8,-10,-8.8,-12,24.4
783.83,-5,-11.2,40.8,9.4,-1.4,28.6,-8.2,-19.4,22.6,33.4,-26.4,29.6,0.6,-33.6
784.22,-20.2,-34.6,-20.8,-5.2,20.4,7.6,-7.2,-10.4,-16,8.6,-12.4,5.2,17.8,-8.2
784.61,1.8,3.4,-10.2,16,27.2,-7,-13.2,-32.4,-13,1.6,-19.2,-22,5.4,26
785,-20.2,-0.8,19.6,-8.4,0.6,-20,-16,-48.6,11.6,22,0.6,-14,6.6,2.6
785.39,-1.4,29.6,10.2,-47.2,-13,-6.2,-22.2,9.8,32.8,-34.2,22.2,-22.4,-2.8,4.4
785.78,4.4,-41,-10.8,-18.4,14.8,16.2,-9.4,11.6,-8.6,-9.6,34.2,13.6,-9.8,-1.2
786.16,5.4,5,-35.2,-21.4,17.6,1,-33.4,3.8,-8.4,-10,-15.4,9,-8.8,-14.2
786.55,12.6,-1.6,-1,-27.8,25.8,10,-9.8,1.6,-4,-26.6,-7.2,-8,-23.4,23
786.94,-38.2,29.2,9.8,-18.6,31,-37,-25.8,22.8,1,-14.8,18.6,-18.8,12.8,21.8
787.33,-3.6,17,28.2,-11.6,12.4,-23.8,-19.4,15.6,7,-24.6,7.4,-13,5.8,16.2
787.72,-15.6,32.4,-9.8,12,2.6,-12.6,-24.2,18.2,-6.6,6.8,2.6,-6.4,-12.8,-6
788.1,45.4,-18.2,32,-3.4,-8.4,-10.2,-3.8,41.4,-39.8,8,6.2,20.8,20.2,-11.2
788.49,23.4,16.4,25.2,-9.4,8.6,9,-17.2,-57.8,-6.8,-44.8,-15.8,43.4,12.6,16.8
788.88,-13,22.6,-23.8,11.8,-8.6,14.6,2.8,-34.2,-28.8,-8,19.6,16.6,-4.2,13.4
789.26,7.6,5.2,-8.2,12.2,-6.8,0.4,-29.2,-9.8,9,-11.8,-18.4,36.8,-9.6,-0.2
789.65,1,35.2,-33,-19.6,9.4,-25.2,-0.4,-14,21.8,-0.2,-28.6,4.4,13.6,1.8
790.04,28,7.2,-8.2,12.8,6.8,-13.4,8.8,-4,-2.8,-35,27.4,16.8,28.4,-19.8
790.42,27.8,19.4,12.4,1,-6.6,28.6,4.4,-0.4,9.4,-14.4,16.6,3.8,3.6,2.2
790.81,11.8,28.4,2.8,-23,-20.6,-24.4,-0.8,-23,10.4,1.8,10,12.2,-15,13.6
791.19,17.6,1.4,-19.4,-5,15.2,-10.8,0.2,-11.2,3.2,15,-6,17.2,-30.8,-9.4
791.58,-8.2,8,-15.8,1.6,4.6,4,15.2,-18.4,3.4,-23,-13.2,-17,27.4,14.4
791.97,1.6,3.2,-35,-18.6,-24,-16.2,30.8,15.8,10.8,-18.4,25.4,49.8,-23.4,34.2
792.35,-19.6,12.8,-23.4,-12,-1,-6.8,1.2,20.6,-6,-39.2,25,4.2,-11.4,-23.8
792.74,47,17.4,25,-0.2,-8.6,34.4,-14,-4.8,-8.4,14.4,6.6,10.6,-18.4,11.8
793.12,-31.2,7.2,16.6,-21.8,11,-1,-5.2,19.2,-1.4,21,-6.2,19.6,2.6,31.8
793.5,22.2,-7.8,-29.6,-10.8,-21,18.8,8.6,27.6,15,-25.8,4.6,1.4,25.6,33.8
793.89,29,4,-18.8,-12,-22.8,-10.2,-20.2,-8.4,14.2,-20.2,-11.2,3,6.8,4.2
794.27,17.8,-8.2,25.8,8.4,18.6,-1.4,-14.4,24.8,-15.8,-18.8,1.4,35.6,3,-4.4
794.66,24.6,3.4,13.6,-36,-1.4,1.2,-1.4,0.4,6.8,-16.4,12.2,4.8,-13.8,16.8
795.04,9.4,7.4,-12.8,-10.2,-26.4,27.6,-9.2,9.4,-1,-25.4,3.6,-20.8,34.4,-4.8
795.42,11,-21,-18.6,-15.8,15.6,-18.4,33,26,-19.6,-3.6,45.4,1.8,-10.6,0.2
795.81,19,-7.4,-20.4,23.6,5.4,27.8,28.4,13.4,18.2,7.8,41.4,-17.4,5,-2.2
796.19,11,0.6,-3,20,36.4,-16.8,-31,-3.8,10.8,0.2,31.8,15.6,-1.8,19.6
796.57,-6.2,23.4,-29.6,14.8,22.2,2,-4.2,-28.8,-22.8,-1.8,40.2,40.6,-13.8,3.6
796.96,18.6,39.6,-18.8,20.2,-34.4,10.8,11,21.2,23.6,8.8,-17.8,-10.2,2,-5
797.34,-13,24,-12,30.4,-0.8,-3.4,-5.8,2.6,0.8,-16,22.2,32,-14.4,-13.4
797.72,8,16,5.6,8.6,-27.6,-9,20.6,-8.6,34.6,-17.8,13,17.2,-8,23.2
798.1,-21.8,4.4,47.2,-0.2,-30.6,-4,23.4,13.2,5,-17.2,2.8,13,-3.8,21
798.48,4.4,11.8,33.8,28.6,-38,12.4,13.6,5.2,6.2,-24.8,13.4,-16,0.6,-2.4
798.86,-17.2,-11.4,1.4,2.2,-12.4,29.8,-7.8,-1.4,25.4,-10.6,-27.4,22.4,9.2,-3.8
799.25,-7.6,6,-7.8,15.4,2.6,-14,-31.8,12.6,-9.4,-25.6,-1,21,7.6,-5.6
799.63,13.8,-17,-22.2,0.8,-38,13,-18.6,4.4,-27,12.8,1.8,28.2,26.4,-69.2
800.01,6,6.4,-26.8,26.6,6.6,0.8,-18.4,6.4,-17,-18,-14.6,20.8,-3,-27.6
800.39,5.2,-12.2,-15.4,-11.6,7.8,14.8,32,22.8,21,-32.6,-0.4,40.4,34.2,2.8
800.77,-18.8,-5,-1.8,-28.8,-2.4,7.6,-24.2,11,-9,5.4,-9,-9.6,1.2,-7.2
801.15,-1.6,-25.2,-22.4,32.4,-29.8,-20.2,-17,11.2,25.6,58.8,-23,-37.4,-2.4,0.8
801.53,-13.2,9.8,4,3.2,-18.6,23,-15.4,44.6,-24.8,6.2,-4.8,34.2,5.8,-23.8
801.91,-19.2,-22.8,19.8,33.8,16,-10,12.6,2.2,-6.6,24,18.8,7.8,14.8,-0.4
802.29,-8.8,-2.4,6.2,-9.4,-4.6,-5.8,10,6.6,23,-1,21.4,-2.6,6.2,-24
802.67,-13.6,-21,24.6,-25.6,-25.2,-5,15.8,22.6,14,8.2,35.8,5.4,-29.6,-14.8
803.05,-14.2,4.8,-12.6,-11.8,1.6,7.2,6.2,-43.4,-15.4,-3.8,0.6,31.6,-22,18
803.43,-5.2,17.6,-23.2,9,-5.8,9,-17.8,-23,-38.2,-29.2,-7.8,16.8,19.8,20
803.8,-0.6,-34.2,-27.6,20.2,15.6,-1.4,36.4,10.6,-21.4,-24.2,7,13.8,20.2,-32
804.18,-19.8,-12,22,31.4,-4.2,40.6,19.4,8.2,-11.2,-5,-3.2,13.8,4.6,15.4
804.56,-16.8,-33,-14.4,20.6,16.8,22.8,4.2,10.6,-3.4,1,-3,-39.6,-31.4,-2
804.94,12.4,43.2,7.4,8.8,15,12,-6,10.2,23,29.4,0,-26.6,-37.6,6.4
805.32,18,26.2,-1.4,-13.2,4.6,-39.6,-5.2,-46.8,10.4,14,-9.8,-28,-32.4,-7.8
805.69,15.4,31.8,-5.2,1.4,3.8,0,-22.6,7,-28.6,9,24.8,9.6,3.8,-19.2
806.07,24.4,-22,0.2,5.6,22.8,-5.4,18.6,-27,-3.6,10,39.6,-19,-3.2,6.2
806.45,-9.2,17.6,-34.8,26.8,-8.2,-35.4,35.6,-14.6,14.2,22.2,-18.4,24,-22.8,4.8
806.83,16,-32.6,-2.6,-1.8,-6.4,2.4,25.4,-0.8,19.8,20,10.6,-9,47.2,-20.2
807.2,25.2,-10.8,-12,9,-15.8,21.6,-23,-20.4,14.8,-15,48.6,3,15,41.2
807.58,7.6,-19,-21.4,4.8,30.6,-8.4,22.8,11.4,-29,20.4,-1.6,22.8,25.2,17.6
807.96,5.2,8.4,-7.2,5.2,2.8,18.8,-18.6,6.8,-29.4,-4,-1.4,-24.2,15.4,16
808.33,-7,10,34.2,-28.8,-15,-19.4,10.4,-8,-12.8,-22,-5.8,-14.4,6,-25.6
808.71,-4.8,-19.6,-14,43.2,13.2,6.6,1.2,-14.2,-24.6,-12.8,-16.8,-17.4,19.2,8.6
809.08,-20.4,8.8,15.6,-4.6,-10,19.4,22.2,-17,-39.8,12.4,12.8,-24,-18.4,-27.4
809.46,39,34.2,-12.4,33.6,7.4,-44.2,-5.8,0.8,-16.2,-19,31.2,15,17,-11.6
809.83,28.4,-8.2,-7.4,29.2,3.2,-25,-15.4,4.6,-5.6,-14.8,-10.2,-29.6,13.2,-12
810.21,37.2,-6.8,10.6,21.2,3.6,-23.6,-6.2,25,22.8,29.8,2.2,-15,-18.4,-27.6
810.58,8.4,33,-26,-0.2,-19.6,-0.8,-29,13.4,-31.4,3.6,-8.2,4.6,0.8,24.8
810.96,-3.8,15,-9.4,-27,19.2,2,-23.2,-8.8,-27,-19.8,5.6,3.6,25.4,36
811.33,14.4,-2.2,3.6,-17,16,10.8,-21.6,1.8,-12.6,-37.8,4,8.6,2,-13.8
811.71,-1,-10.2,-24,-3.4,-12.6,4.6,-25.8,7.4,-21,7.6,16.6,22.4,-1,-8
812.08,14.2,-39.4,14.6,1.8,-5.8,-2.8,-10.8,-3,18.4,-24,18.8,2.6,15,33.4
812.46,38,15.2,2.4,0.6,43,11.6,-27,-11,-41,-4,23.2,-12,41.8,12
812.83,15.2,-7.8,-4.8,-32.2,-22.4,-8.4,-11.4,0.8,-13.8,1.8,3.4,17.6,1.8,22.8
813.2,-37.6,12.8,2,-9.6,12.6,-37.6,-3.4,-27.2,17.8,14.2,-34.6,18.8,-0.6,39.8
813.58,-22.6,-9.6,9.6,11.8,20.8,41.2,0.6,-5.2,19.8,22.4,26,30,12,11
813.95,17,-43.8,4.8,-3.8,20.4,21.6,2.6,18.6,-4.2,-3.2,15.6,16.6,11.4,1.2
814.32,9.6,41,14.2,-34.2,5.2,8.2,-6,14.4,-18.4,0.8,-27.8,-48.8,-7.6,-7.4
814.69,-27.2,26.2,3.8,-35,14.8,-27,-20.2,-17,-4.8,21.6,9.2,-18.8,6.6,-12
815.07,-4.2,9.6,-5.6,-29.4,15.2,-37.8,-4.4,-12.2,-21,5.6,-35,13.6,16,-15.8
815.44,-2,-10.8,-17.2,25.2,12.8,-15,-2,-28,15,-21.6,-5.6,36.4,-5,-13.4
815.81,-9.8,-8.2,30.8,10,-14.8,-11.4,18.8,-12.4,7.4,19.4,-27.6,8.6,-14.2,-20.4
816.18,-43,1.6,-21.6,3.2,4.2,-1.6,-16.4,-17.4,-2.2,-0.2,16.6,45,-11.4,-21.8
816.55,-11,23.8,-13.6,6.4,38.2,23.6,0.6,-9.4,-18.4,18.2,7.8,15.2,-35.2,-5.4
816.92,30.8,5.4,-27.6,-16.2,4.8,5,-13.6,-8.2,27,1.8,-26,-28.2,-5.4,1.2
817.29,7.2,-0.8,-20.8,21.8,-24.4,4,22,19.4,-3.8,-9.2,-17.8,8,5.8,14.4
817.67,19.2,0.4,-27.8,9.6,-13.2,10.2,0,26.4,2.4,-11.8,-11.2,-14.8,27,11.8
818.04,-10.2,-33.6,-28.6,40.8,-24.4,-26.6,23.4,7.8,16,17,-0.6,-15,5.6,4.4
818.41,18,-22.4,17,-10.2,-15.4,-2.6,39.8,-15.6,-4,-37.6,24.2,-35,-10,-0.8
818.78,15.4,17.6,-2.6,16.4,-6.8,-5.8,9.6,-10.2,-45.8,-12,-9.2,-8.6,23.2,-0.6
819.15,35.4,-16.8,-1,-26.8,0.8,-34.8,-1.8,24.6,-14.8,-10.2,7.6,20.8,35.6,14
819.52,24.4,12.2,2.8,18.2,-29.8,-3.8,-18.4,12,-10.6,-34.4,-28,14.8,-2.8,-5.8
819.89,-4.4,-28,-2.2,16.2,-33.6,18.8,-33.8,8.4,-19,-6.6,-19.8,-7.2,34.8,-30.6
820.26,1.2,0.6,-23.6,-14.4,-2,-22.8,-5.8,-4.8,-33.6,-17.8,-22.4,-2.8,29.8,10.2
820.62,23.2,-0.8,-16.8,-9,37.2,-30.4,10.6,8,-11,-41,-4.6,0.6,-16.8,-31.8
820.99,-7.8,-13,11.2,9.2,36.4,32,-22.8,-8.8,10,-17.4,17.4,1.6,29.4,-61
821.36,22.2,18.8,6.4,25.4,8.8,14.8,-3.2,-19.8,16.2,-28.8,16.6,-6.4,-0.6,-24
821.73,-10.6,-6.4,16.4,5.2,35.2,-14.2,-23,-17.8,-6.2,22.8,-2.4,21.4,-6.6,-37.8
