wave length,direct light
348.69,185.6
349.27,185
349.84,153.2
350.42,169
351,200.8
351.57,173.6
352.15,183.8
352.73,194.2
353.3,234.8
353.88,209
354.45,207.4
355.03,197.4
355.6,190
356.18,185.2
356.75,214.6
357.33,201
357.9,206
358.47,187.2
359.05,213.8
359.62,190.8
360.19,194.6
360.77,137.4
361.34,177.8
361.91,171.4
362.49,197.2
363.06,207
363.63,167.2
364.2,219.8
364.77,194.2
365.34,210.4
365.92,197.2
366.49,249.2
367.06,203.8
367.63,197.4
368.2,190.8
368.77,191.2
369.34,195
369.91,209
370.48,235.2
371.05,215.8
371.62,213.8
372.19,239.8
372.75,216.2
373.32,206.6
373.89,222.6
374.46,250
375.03,236.4
375.59,255
376.16,277.8
376.73,264.2
377.3,291
377.86,281.4
378.43,273
379,256
379.56,289.4
380.13,309.2
380.69,285
381.26,267.8
381.83,335.2
382.39,295.8
382.96,314.2
383.52,340.2
384.09,357.8
384.65,327.8
385.21,351.8
385.78,371
386.34,371.8
386.91,394.8
387.47,398.4
388.03,386
388.6,421.8
389.16,402.6
389.72,458.8
390.28,480.2
390.85,488
391.41,489.2
391.97,515.4
392.53,488.6
393.09,474
393.65,528.6
394.21,510.8
394.77,511
395.34,564.8
395.9,559.2
396.46,572
397.02,570.2
397.58,570.8
398.13,545
398.69,617.4
399.25,597.4
399.81,572.8
400.37,629
400.93,640.2
401.49,624.4
402.05,655.4
402.6,658
403.16,666.2
403.72,679.8
404.28,702.2
404.83,726.8
405.39,749.8
405.95,757.4
406.5,808.2
407.06,847.8
407.61,794.6
408.17,780
408.73,841
409.28,891
409.84,889
410.39,860
410.95,898.2
411.5,911.2
412.06,918.6
412.61,945.8
413.16,973.4
413.72,993.8
414.27,1026.4
414.82,1000.4
415.38,1024.6
415.93,1058.2
416.48,1040.6
417.04,1073.6
417.59,1107.8
418.14,1147.8
418.69,1099.4
419.24,1120.6
419.79,1168.6
420.35,1189.4
420.9,1202.2
421.45,1245
422,1216.6
422.55,1248.4
423.1,1322.4
423.65,1318.4
424.2,1352.8
424.75,1379.2
425.3,1375
425.85,1390.6
426.4,1425.4
426.95,1501
427.49,1529.2
428.04,1533
428.59,1587
429.14,1584.4
429.69,1628.6
430.23,1660
430.78,1696.2
431.33,1727.4
431.87,1772.6
432.42,1778.8
432.97,1799.2
433.51,1853.4
434.06,1819.2
434.61,1892.6
435.15,1929.8
435.7,1945
436.24,1991.4
436.79,2037
437.33,1992.2
437.88,2029.6
438.42,2088
438.97,2100.8
439.51,2108.2
440.05,2140.2
440.6,2182.4
441.14,2207.6
441.68,2250.4
442.23,2253.6
442.77,2305.4
443.31,2363.2
443.86,2363
444.4,2473.4
444.94,2438.2
445.48,2460.4
446.02,2457.8
446.56,2578.4
447.11,2601.8
447.65,2676
448.19,2659.4
448.73,2741.4
449.27,2721.6
449.81,2784.8
450.35,2843.2
450.89,2921.6
451.43,2975.6
451.97,2987.6
452.51,3021
453.04,3148
453.58,3103.2
454.12,3225.8
454.66,3286.6
455.2,3369
455.74,3309.8
456.27,3467.4
456.81,3515.6
457.35,3499
457.89,3562.4
458.42,3615.6
458.96,3691
459.5,3772
460.03,3789
460.57,3841.6
461.1,3943.2
461.64,3936.4
462.17,3935.4
462.71,4019.6
463.24,4009.4
463.78,4083.8
464.31,4118.4
464.85,4251.8
465.38,4287.4
465.92,4347.2
466.45,4360.4
466.98,4492.2
467.52,4525
468.05,4671
468.58,4684.6
469.12,4846.6
469.65,4904.8
470.18,4957.4
470.71,5147.6
471.24,5272.2
471.78,5339
472.31,5483
472.84,5533.8
473.37,5805
473.9,5839.2
474.43,5915.8
474.96,6144.2
475.49,6316.2
476.02,6578.4
476.55,6665.4
477.08,6842
477.61,7038.6
478.14,7203.8
478.67,7417.4
479.2,7712.6
479.73,7800.6
480.25,8031.2
480.78,8262
481.31,8542.2
481.84,8732.6
482.37,8942.2
482.89,9219.8
483.42,9531.2
483.95,9673.4
484.47,9941.2
485,10117
485.53,10425
486.05,10690.2
486.58,10849
487.1,11172.2
487.63,11306
488.16,11467.6
488.68,11708.4
489.21,11937.4
489.73,12085
490.25,12155.4
490.78,12458
491.3,12693.6
491.83,12835.6
492.35,12995.6
492.87,13136.8
493.4,13165.6
493.92,13325.4
494.44,13549.4
494.96,13630.8
495.49,13862.2
496.01,13943.2
496.53,14078.6
497.05,14192.4
497.57,14401.4
498.1,14507.6
498.62,14548.2
499.14,14791.4
499.66,14967.6
500.18,15201.4
500.7,15325.6
501.22,15420.8
501.74,15533
502.26,15684.2
502.78,15883.4
503.3,16117.8
503.82,16266.8
504.34,16388.2
504.85,16418.2
505.37,16669.4
505.89,16909.8
506.41,17040.4
506.93,17301.6
507.44,17471.4
507.96,17671.2
508.48,17737.8
509,18001
509.51,18129.8
510.03,18215.6
510.55,18500.2
511.06,18820
511.58,18937.6
512.09,19204.6
512.61,19518.2
513.12,19847.8
513.64,19945
514.15,20058.6
514.67,20321.4
515.18,20638
515.7,20747
516.21,20988.2
516.73,21274.8
517.24,21476.6
517.75,21812.4
518.27,21959
518.78,22153.6
519.29,22325.4
519.8,22529.8
520.32,22761
520.83,22999
521.34,23172.6
521.85,23419.6
522.36,23757.4
522.88,23740.6
523.39,23981
523.9,24180.4
524.41,24638.6
524.92,24902
525.43,25155.2
525.94,25499.2
526.45,25626.8
526.96,25604.2
527.47,25821.2
527.98,26231.2
528.49,26291.8
529,26658.4
529.5,26469
530.01,26594.6
530.52,26631.6
531.03,26841.6
531.54,27061.8
532.04,26666.8
532.55,26985.2
533.06,27297.4
533.57,27353.2
534.07,27762.4
534.58,27808.6
535.09,27774.8
535.59,27760
536.1,27871.4
536.6,27821.4
537.11,28070.8
537.62,28441
538.12,28525.8
538.63,28424.2
539.13,28446.4
539.63,28893.4
540.14,29133.6
540.64,29180.8
541.15,29326.4
541.65,29480.2
542.15,29558.6
542.66,29785.8
543.16,29761.4
543.66,30046
544.17,30173.6
544.67,30278.2
545.17,30598.6
545.67,30589.6
546.17,30947.2
546.68,31053
547.18,30921
547.68,31127.8
548.18,31251.6
548.68,31238.6
549.18,31637.6
549.68,31697.6
550.18,32004.6
550.68,32250.6
551.18,32263.2
551.68,32579.6
552.18,32796.4
552.68,32931.6
553.18,33081.8
553.68,33254.4
554.18,33295.8
554.67,33431.8
555.17,33959.8
555.67,33938.4
556.17,34319.2
556.66,34651.6
557.16,34976.8
557.66,35200
558.16,35387
558.65,35506.8
559.15,35886
559.64,36108.2
560.14,36365.8
560.64,36606.4
561.13,37054
561.63,37072
562.12,37536
562.62,37722.4
563.11,38466.4
563.61,38674.6
564.1,38900.6
564.6,38847
565.09,39051.4
565.58,39282
566.08,39213.4
566.57,39791.6
567.06,39820.6
567.56,39691.2
568.05,40038.4
568.54,40163.8
569.03,40295.4
569.52,40381
570.02,40545.4
570.51,40586.4
571,40977.8
571.49,41234.8
571.98,41261.6
572.47,41556.8
572.96,41747.2
573.45,41445
573.94,42114.2
574.43,42259.4
574.92,41838
575.41,42053.8
575.9,42312.6
576.39,42459
576.88,42667.2
577.37,42360.2
577.86,42317.4
578.35,42432.6
578.83,42709
579.32,42740.2
579.81,42921.6
580.3,42960.4
580.78,43171.2
581.27,43272.2
581.76,43397.8
582.24,43463.8
582.73,43587.6
583.22,43746.8
583.7,43399.4
584.19,43393.2
584.67,43664
585.16,43759.4
585.64,43952.6
586.13,43939.4
586.61,43968
587.1,43993
587.58,43740.6
588.07,43922
588.55,44092.2
589.04,44415.6
589.52,45019.2
590,44665.6
590.48,44873.8
590.97,44866.4
591.45,44921
591.93,44793.6
592.42,45197.6
592.9,45434
593.38,45584.4
593.86,45885.2
594.34,46334.4
594.82,46121.6
595.3,46416.2
595.78,46531.4
596.27,46550.2
596.75,46906.8
597.23,46781.8
597.71,46346
598.19,46848.8
598.67,47015.4
599.14,47397.6
599.62,46978
600.1,47452.8
600.58,47834
601.06,47656.8
601.54,47586.4
602.02,47898.2
602.49,48233.2
602.97,48479.6
603.45,48611.4
603.93,48547
604.4,48875.4
604.88,48872.2
605.36,49238.8
605.83,49686.4
606.31,49613.6
606.78,49853.8
607.26,49486.4
607.74,49976.8
608.21,50527
608.69,50531.6
609.16,50462.2
609.64,50722.8
610.11,50683.4
610.59,50896.8
611.06,51057.8
611.53,50685.6
612.01,50938.6
612.48,51242.4
612.95,51288.4
613.43,51536.4
613.9,51449.8
614.37,51560.4
614.84,51597.6
615.32,51760
615.79,52060.8
616.26,52145.2
616.73,52191
617.2,51966.2
617.67,52259.8
618.15,52187.2
618.62,52401.4
619.09,52487
619.56,52412
620.03,52489
620.5,52532.4
620.97,52536.8
621.44,52147.6
621.91,52277.4
622.37,52448.6
622.84,52483.2
623.31,52167.4
623.78,52017.4
624.25,51761.8
624.72,51894.8
625.18,51832.2
625.65,51803.2
626.12,52043.8
626.59,51770.2
627.05,51730.6
627.52,51512.6
627.99,51958.2
628.45,51815
628.92,51869.2
629.39,51742
629.85,51787.4
630.32,52115.6
630.78,51899.2
631.25,51717.2
631.71,51882.8
632.18,51809.6
632.64,51593.4
633.1,51719.2
633.57,51351.4
634.03,51650.2
634.5,51760
634.96,52109.6
635.42,51863.4
635.89,51363.4
636.35,51306.6
636.81,51244
637.27,51280.8
637.74,51078.8
638.2,51353.6
638.66,50958.8
639.12,51210.6
639.58,51106.2
640.04,51101
640.5,51306
640.97,51084
641.43,51473.4
641.89,51485
642.35,51048.6
642.81,50665.2
643.27,51264.4
643.72,51284
644.18,51068.6
644.64,51114.2
645.1,51394.4
645.56,50893
646.02,51108.8
646.48,50863
646.93,50991.4
647.39,51402.4
647.85,51329.4
648.31,50999.2
648.76,51221.2
649.22,51534.4
649.68,51604
650.13,51763.6
650.59,51972.4
651.05,51949.6
651.5,52246.8
651.96,52402.2
652.41,52458.8
652.87,51878.8
653.32,52019
653.78,51849.4
654.23,51619.8
654.69,52171.4
655.14,52159.2
655.6,52299.2
656.05,52302.6
656.5,52303.2
656.96,52141.2
657.41,51924.4
657.86,52237
658.32,52567.4
658.77,52730.4
659.22,52709.6
659.67,53077.8
660.12,53108.2
660.58,52713.8
661.03,53095
661.48,52642.8
661.93,52519.6
662.38,52677.2
662.83,52701.2
663.28,52867.4
663.73,52923.8
664.18,52752.4
664.63,53020.2
665.08,53173.6
665.53,53050.6
665.98,52772.6
666.43,53051.2
666.88,52894
667.33,53356.6
667.77,53342.4
668.22,53167.8
668.67,53415.2
669.12,53367.4
669.56,53495.2
670.01,53242.8
670.46,53019
670.91,53018.8
671.35,53334.6
671.8,53372.8
672.25,53328.4
672.69,53167.6
673.14,53410
673.58,53729
674.03,53454.6
674.47,52913.4
674.92,52560.8
675.36,52742.6
675.81,53017.4
676.25,52700.4
676.7,53175.4
677.14,53349.2
677.58,53377.2
678.03,53230
678.47,53391.2
678.91,52902.6
679.36,52857.4
679.8,52939.2
680.24,52617
680.68,52575.4
681.12,52743.2
681.57,52335.6
682.01,52014.6
682.45,51823.4
682.89,51661
683.33,51571.8
683.77,51618.8
684.21,51616.4
684.65,51143
685.09,51208.4
685.53,51724
685.97,51538
686.41,51286.8
686.85,51107.8
687.29,51035.6
687.73,50547.8
688.17,50502.2
688.61,50222
689.04,50417.6
689.48,50679.2
689.92,50544.6
690.36,50719.2
690.8,50364.2
691.23,49739
691.67,49505.6
692.11,49744.2
692.54,49764
692.98,49345.8
693.42,49294
693.85,49106
694.29,49212
694.72,49204.6
695.16,48792.4
695.59,48928.2
696.03,48235
696.46,48144.2
696.9,48088.2
697.33,48154.8
697.76,47904.2
698.2,47918.4
698.63,47888.8
699.07,48064.8
699.5,47832.8
699.93,47658
700.36,47458.4
700.8,47754.2
701.23,47265.6
701.66,47421
702.09,46996.8
702.52,46849.6
702.96,46882.4
703.39,47060.4
703.82,47009.6
704.25,46692.8
704.68,46645.2
705.11,46720.8
705.54,46859
705.97,46611.6
706.4,46625.6
706.83,46833.2
707.26,46831.6
707.69,46415.6
708.12,46689.4
708.55,46875.6
708.97,46412
709.4,46220.4
709.83,46300
710.26,46135.6
710.69,45985
711.11,45549.6
711.54,45556.8
711.97,45386.6
712.39,45838.6
712.82,45684.4
713.25,45672.4
713.67,45366
714.1,45807.4
714.53,45657.2
714.95,45569.8
715.38,45734.2
715.8,45084.6
716.23,45238
716.65,45200.2
717.08,45236.4
717.5,45116.2
717.92,44938
718.35,44546.8
718.77,45066.8
719.2,44859.2
719.62,44660
720.04,44869.6
720.46,44308.4
720.89,44623.4
721.31,44850.6
721.73,45189.4
722.15,45116
722.57,45249.4
723,44933.6
723.42,45414
723.84,45359.8
724.26,45522
724.68,45278.6
725.1,45063.8
725.52,45004
725.94,45069.2
726.36,44954
726.78,44943.4
727.2,44479.6
727.62,44250.4
728.04,44385.8
728.46,44433.4
728.88,44631
729.29,45029.4
729.71,45251.6
730.13,45168.6
730.55,45046.6
730.97,44538
731.38,44510.2
731.8,44553.4
732.22,44407.2
732.63,44265.4
733.05,44457.2
733.47,44106.6
733.88,44041.8
734.3,44360.2
734.71,44085
735.13,43947.8
735.54,43987.6
735.96,44228.2
736.37,43992.6
736.79,44279.6
737.2,44379.4
737.62,44431.6
738.03,44355.4
738.44,44305.4
738.86,44149.8
739.27,44091.6
739.68,44223.8
740.1,43914
740.51,43789
740.92,43821.6
741.33,43766.6
741.75,43515
742.16,43261.6
742.57,43389.4
742.98,43298
743.39,43408.2
743.8,43829
744.21,43767
744.63,43441
745.04,43219.8
745.45,42871.2
745.86,42931
746.27,43242.6
746.67,43268.2
747.08,43139.4
747.49,42882.6
747.9,43162
748.31,43138.6
748.72,42906.4
749.13,42642.8
749.54,42848
749.94,42608.8
750.35,42339.2
750.76,42364.4
751.17,42296.4
751.57,42209.4
751.98,41808.6
752.39,41832.2
752.79,41672.4
753.2,41631.4
753.6,41066.8
754.01,41628.2
754.41,41489.4
754.82,41843.8
755.22,41573.8
755.63,40983.6
756.03,40566.4
756.44,40952.6
756.84,40819.2
757.25,40718.8
757.65,40370.4
758.05,40401.4
758.46,40571.2
758.86,40595.2
759.26,40069.4
759.67,39946.8
760.07,39751.6
760.47,39837.6
760.87,39602.2
761.28,39525.2
761.68,39197.4
762.08,39323.8
762.48,39481.6
762.88,39037.8
763.28,38603.2
763.68,38361.8
764.08,38260
764.48,38005.6
764.88,38253
765.28,38337.8
765.68,37976
766.08,37848.2
766.48,37832.8
766.88,38042.6
767.28,37833.4
767.68,37606
768.07,37749.6
768.47,37571
768.87,37180.2
769.27,36879
769.66,37096.4
770.06,37267.2
770.46,37212
770.86,36840
771.25,36974.6
771.65,36778.6
772.04,36461.6
772.44,36508.8
772.84,36241.4
773.23,36066.4
773.63,35850.4
774.02,35852
774.42,35625
774.81,35391.6
775.21,35248.6
775.6,35486.6
775.99,34998.2
776.39,35012.4
776.78,35008.8
777.18,35101
777.57,34819.2
777.96,34464.2
778.35,34816.4
778.75,34415
779.14,34348.8
779.53,34172.2
779.92,34274.4
780.31,34319.8
780.71,34152.8
781.1,34156
781.49,34188.8
781.88,34033
782.27,33537
782.66,33563.6
783.05,33333
783.44,33019
783.83,33068
784.22,32807.2
784.61,32827.4
785,33126.4
785.39,32743.8
785.78,32760.8
786.16,32532.8
786.55,32216
786.94,32295.6
787.33,32025.8
787.72,32041.6
788.1,31769.2
788.49,31547.6
788.88,31592.4
789.26,31448
789.65,31395.4
790.04,31403.6
790.42,31312.4
790.81,31573.4
791.19,31584
791.58,31237.4
791.97,31256.6
792.35,31247.6
792.74,31104.8
793.12,30969.6
793.5,30847.8
793.89,31107.4
794.27,31066
794.66,30975
795.04,30480.4
795.42,30609.6
795.81,30609.4
796.19,30283.6
796.57,30247.8
796.96,29800.8
797.34,29956.4
797.72,29932.2
798.1,29996.6
798.48,30151.6
798.86,29650.2
799.25,29389.4
799.63,29188.6
800.01,29428.4
800.39,29519.8
800.77,29394.2
801.15,29220.8
801.53,29163.8
801.91,29305.8
802.29,29614.4
802.67,29483.6
803.05,29478
803.43,29512
803.8,29448
804.18,29509
804.56,29336.6
804.94,28994.4
805.32,28981.2
805.69,28755.2
806.07,28753.8
806.45,28858
806.83,28610.2
807.2,28653.6
807.58,28784.8
807.96,28539.8
808.33,28628.2
808.71,28940.8
809.08,28790.2
809.46,28644.8
809.83,28603.6
810.21,28596
810.58,28313.4
810.96,28009.6
811.33,27977.6
811.71,27799.8
812.08,27852.2
812.46,27911.4
812.83,28019.4
813.2,27873
813.58,28131.6
813.95,27808
814.32,28052.2
814.69,27782.2
815.07,28047.6
815.44,27888.4
815.81,27647.4
816.18,27539.8
816.55,27718.2
816.92,27421.4
817.29,27806.6
817.67,27618.6
818.04,27295.4
818.41,27189.4
818.78,27269
819.15,27186.4
819.52,27207.8
819.89,27235.2
820.26,27029.8
820.62,27009.2
820.99,26969.8
821.36,26742.6
821.73,26851.6